hashname,model,_latent_size,_max_epochs,_seed,_lr,_weight_decay,_encoder_size,_file_index,_vf_hidden_size,_vf_num_layers,_output_nonlinearity,_heldin_size,_heldout_size,_alpha,_n_heldin,_n_heldout,_fr_scaling,_rect_func,_obs_noise,_dispersion,state_r2,rate_r2,co-bps,cycle_con
35c1a647,gnode,32,500,0,0.002,0.0,128,10,64.0,3.0,torch.nn.functional.softplus,200,300,0.1,200,100,1.0,softplus,poisson,1.0,0.874178409576416,0.9977057576179504,0.2804201245307922,0.9101433157920836
42f0c8e5,gnode,10,500,0,0.002,0.0,128,10,64.0,3.0,torch.nn.functional.softplus,200,300,0.1,200,100,1.0,softplus,poisson,1.0,0.965947151184082,0.9992822408676147,0.2807939648628235,0.9987382888793944
f5bb38d1,gnode,64,500,0,0.002,0.0,128,10,64.0,3.0,torch.nn.functional.softplus,200,300,0.1,200,100,1.0,softplus,poisson,1.0,0.7174471020698547,0.9955800771713256,0.2802580595016479,0.8281390070915222
c13a73bf,gnode,2,500,0,0.002,0.0,128,10,64.0,3.0,torch.nn.functional.softplus,200,300,0.1,200,100,1.0,softplus,poisson,1.0,0.9727010726928712,0.9986652731895448,0.2806069552898407,1.0
7f66f908,gnode,3,500,0,0.002,0.0,128,10,64.0,3.0,torch.nn.functional.softplus,200,300,0.1,200,100,1.0,softplus,poisson,1.0,0.9708947539329528,0.9995175004005432,0.2808253467082977,0.9999578595161438
2ebdff45,gnode,5,500,0,0.002,0.0,128,10,64.0,3.0,torch.nn.functional.softplus,200,300,0.1,200,100,1.0,softplus,poisson,1.0,0.967900276184082,0.9994524717330932,0.2808143496513366,0.99980491399765
7f66f908,gnode,3,500,0,0.002,0.0,128,10,64.0,3.0,torch.nn.functional.softplus,200,300,0.1,200,100,1.0,softplus,poisson,1.0,0.9708947539329528,0.9995175004005432,0.2808253467082977,0.9999578595161438
c13a73bf,gnode,2,500,0,0.002,0.0,128,10,64.0,3.0,torch.nn.functional.softplus,200,300,0.1,200,100,1.0,softplus,poisson,1.0,0.9727010726928712,0.9986652731895448,0.2806069552898407,1.0
35c1a647,gnode,32,500,0,0.002,0.0,128,10,64.0,3.0,torch.nn.functional.softplus,200,300,0.1,200,100,1.0,softplus,poisson,1.0,0.874178409576416,0.9977057576179504,0.2804201245307922,0.9101433157920836
2ebdff45,gnode,5,500,0,0.002,0.0,128,10,64.0,3.0,torch.nn.functional.softplus,200,300,0.1,200,100,1.0,softplus,poisson,1.0,0.967900276184082,0.9994524717330932,0.2808143496513366,0.99980491399765
42f0c8e5,gnode,10,500,0,0.002,0.0,128,10,64.0,3.0,torch.nn.functional.softplus,200,300,0.1,200,100,1.0,softplus,poisson,1.0,0.965947151184082,0.9992822408676147,0.2807939648628235,0.9987382888793944
f5bb38d1,gnode,64,500,0,0.002,0.0,128,10,64.0,3.0,torch.nn.functional.softplus,200,300,0.1,200,100,1.0,softplus,poisson,1.0,0.7174471020698547,0.9955800771713256,0.2802580595016479,0.8281390070915222
d7c4a37a,gnode,3,501,0,0.002,0.0,128,10,64.0,3.0,torch.nn.functional.softplus,200,300,0.1,200,100,1.0,softplus,poisson,1.0,0.970471739768982,0.9996140003204346,0.2808290421962738,0.9999590516090392
6f68cc36,gnode,2,501,0,0.002,0.0,128,10,64.0,3.0,torch.nn.functional.softplus,200,300,0.1,200,100,1.0,softplus,poisson,1.0,0.9716961979866028,0.9996502995491028,0.2808380722999573,1.0
6f68cc36,gnode,2,501,0,0.002,0.0,128,10,64.0,3.0,torch.nn.functional.softplus,200,300,0.1,200,100,1.0,softplus,poisson,1.0,0.9716961979866028,0.9996502995491028,0.2808380722999573,1.0
d7c4a37a,gnode,3,501,0,0.002,0.0,128,10,64.0,3.0,torch.nn.functional.softplus,200,300,0.1,200,100,1.0,softplus,poisson,1.0,0.970471739768982,0.9996140003204346,0.2808290421962738,0.9999590516090392
b60b4f6a,gnode,5,501,0,0.002,0.0,128,10,64.0,3.0,torch.nn.functional.softplus,200,300,0.1,200,100,1.0,softplus,poisson,1.0,0.9700748324394226,0.9990338683128356,0.2806776165962219,0.9997854828834534
b60b4f6a,gnode,5,501,0,0.002,0.0,128,10,64.0,3.0,torch.nn.functional.softplus,200,300,0.1,200,100,1.0,softplus,poisson,1.0,0.9700748324394226,0.9990338683128356,0.2806776165962219,0.9997854828834534
873d8290,gnode,10,501,0,0.002,0.0,128,10,64.0,3.0,torch.nn.functional.softplus,200,300,0.1,200,100,1.0,softplus,poisson,1.0,0.9660188555717468,0.9987018704414368,0.2806769013404846,0.998714804649353
873d8290,gnode,10,501,0,0.002,0.0,128,10,64.0,3.0,torch.nn.functional.softplus,200,300,0.1,200,100,1.0,softplus,poisson,1.0,0.9660188555717468,0.9987018704414368,0.2806769013404846,0.998714804649353
447dc50b,gnode,32,501,0,0.002,0.0,128,10,64.0,3.0,torch.nn.functional.softplus,200,300,0.1,200,100,1.0,softplus,poisson,1.0,0.8772491216659546,0.9976436495780944,0.280406653881073,0.9115413427352904
447dc50b,gnode,32,501,0,0.002,0.0,128,10,64.0,3.0,torch.nn.functional.softplus,200,300,0.1,200,100,1.0,softplus,poisson,1.0,0.8772491216659546,0.9976436495780944,0.280406653881073,0.9115413427352904
f492a5f4,gnode,64,501,0,0.002,0.0,128,10,64.0,3.0,torch.nn.functional.softplus,200,300,0.1,200,100,1.0,softplus,poisson,1.0,0.7221543192863464,0.9952961206436156,0.2801245450973511,0.8313514590263367
f492a5f4,gnode,64,501,0,0.002,0.0,128,10,64.0,3.0,torch.nn.functional.softplus,200,300,0.1,200,100,1.0,softplus,poisson,1.0,0.7221543192863464,0.9952961206436156,0.2801245450973511,0.8313514590263367
95b6b39c,node,32,500,0,0.002,0.0,128,10,128.0,3.0,torch.nn.functional.softplus,280,300,0.05,280,20,1.0,softplus,poisson,1.0,0.909770369529724,0.998094916343689,0.2809344232082367,0.9698834419250488
04a67a9f,node,5,500,0,0.002,0.0,128,10,128.0,3.0,torch.nn.functional.softplus,280,300,0.05,280,20,1.0,softplus,poisson,1.0,0.9675338268280028,0.9996512532234192,0.2812931835651397,0.9998720288276672
ceb58bd8,node,2,500,0,0.002,0.0,128,10,128.0,3.0,torch.nn.functional.softplus,280,300,0.05,280,20,1.0,softplus,poisson,1.0,0.9710193872451782,0.999415397644043,0.2811979055404663,1.0
62b9e2e9,node,3,500,0,0.002,0.0,128,10,128.0,3.0,torch.nn.functional.softplus,280,300,0.05,280,20,1.0,softplus,poisson,1.0,0.969334840774536,0.9995056986808776,0.2812627255916595,0.9999741911888124
5a384b98,node,10,500,0,0.002,0.0,128,10,128.0,3.0,torch.nn.functional.softplus,280,300,0.05,280,20,1.0,softplus,poisson,1.0,0.9650743007659912,0.9993535876274108,0.2812388241291046,0.9990869164466858
ceb58bd8,node,2,500,0,0.002,0.0,128,10,128.0,3.0,torch.nn.functional.softplus,280,300,0.05,280,20,1.0,softplus,poisson,1.0,0.9710193872451782,0.999415397644043,0.2811979055404663,1.0
95b6b39c,node,32,500,0,0.002,0.0,128,10,128.0,3.0,torch.nn.functional.softplus,280,300,0.05,280,20,1.0,softplus,poisson,1.0,0.909770369529724,0.998094916343689,0.2809344232082367,0.9698834419250488
04a67a9f,node,5,500,0,0.002,0.0,128,10,128.0,3.0,torch.nn.functional.softplus,280,300,0.05,280,20,1.0,softplus,poisson,1.0,0.9675338268280028,0.9996512532234192,0.2812931835651397,0.9998720288276672
62b9e2e9,node,3,500,0,0.002,0.0,128,10,128.0,3.0,torch.nn.functional.softplus,280,300,0.05,280,20,1.0,softplus,poisson,1.0,0.969334840774536,0.9995056986808776,0.2812627255916595,0.9999741911888124
5a384b98,node,10,500,0,0.002,0.0,128,10,128.0,3.0,torch.nn.functional.softplus,280,300,0.05,280,20,1.0,softplus,poisson,1.0,0.9650743007659912,0.9993535876274108,0.2812388241291046,0.9990869164466858
5affcbc0,node,64,500,0,0.002,0.0,128,10,128.0,3.0,torch.nn.functional.softplus,280,300,0.05,280,20,1.0,softplus,poisson,1.0,0.7456220984458923,0.9952282309532166,0.2800605893135071,0.8815239667892456
5affcbc0,node,64,500,0,0.002,0.0,128,10,128.0,3.0,torch.nn.functional.softplus,280,300,0.05,280,20,1.0,softplus,poisson,1.0,0.7456220984458923,0.9952282309532166,0.2800605893135071,0.8815239667892456
309eb94c,node,2,500,0,0.002,0.0,128,10,128.0,3.0,,280,300,0.05,280,20,1.0,softplus,poisson,1.0,0.9710202217102052,0.9994168281555176,0.2811991572380066,1.0
309eb94c,node,2,500,0,0.002,0.0,128,10,128.0,3.0,,280,300,0.05,280,20,1.0,softplus,poisson,1.0,0.9710202217102052,0.9994168281555176,0.2811991572380066,1.0
6d63ae4a,node,3,500,0,0.002,0.0,128,10,128.0,3.0,,280,300,0.05,280,20,1.0,softplus,poisson,1.0,0.9693389534950256,0.9995067119598388,0.2812621891498565,0.9999746084213256
6d63ae4a,node,3,500,0,0.002,0.0,128,10,128.0,3.0,,280,300,0.05,280,20,1.0,softplus,poisson,1.0,0.9693389534950256,0.9995067119598388,0.2812621891498565,0.9999746084213256
d845f25f,node,5,500,0,0.002,0.0,128,10,128.0,3.0,,280,300,0.05,280,20,1.0,softplus,poisson,1.0,0.967535138130188,0.9996515512466432,0.2812935411930084,0.9998707175254822
e69cba41,node,10,500,0,0.002,0.0,128,10,128.0,3.0,,280,300,0.05,280,20,1.0,softplus,poisson,1.0,0.9650834202766418,0.999354362487793,0.2812391519546509,0.999089539051056
e69cba41,node,10,500,0,0.002,0.0,128,10,128.0,3.0,,280,300,0.05,280,20,1.0,softplus,poisson,1.0,0.9650834202766418,0.999354362487793,0.2812391519546509,0.999089539051056
d845f25f,node,5,500,0,0.002,0.0,128,10,128.0,3.0,,280,300,0.05,280,20,1.0,softplus,poisson,1.0,0.967535138130188,0.9996515512466432,0.2812935411930084,0.9998707175254822
becc9a62,node,32,500,0,0.002,0.0,128,10,128.0,3.0,,280,300,0.05,280,20,1.0,softplus,poisson,1.0,0.9095261693000792,0.9980675578117372,0.28091761469841,0.9698129892349244
2ac77f90,node,64,500,0,0.002,0.0,128,10,128.0,3.0,,280,300,0.05,280,20,1.0,softplus,poisson,1.0,0.7462629079818726,0.995250642299652,0.2800574004650116,0.881373941898346
8f69cfdc,node,2,501,0,0.002,0.0,128,10,128.0,3.0,torch.nn.functional.softplus,280,300,0.05,280,20,1.0,softplus,poisson,1.0,0.9695601463317872,0.9996899962425232,0.2812837958335876,1.0
becc9a62,node,32,500,0,0.002,0.0,128,10,128.0,3.0,,280,300,0.05,280,20,1.0,softplus,poisson,1.0,0.9095261693000792,0.9980675578117372,0.28091761469841,0.9698129892349244
2ac77f90,node,64,500,0,0.002,0.0,128,10,128.0,3.0,,280,300,0.05,280,20,1.0,softplus,poisson,1.0,0.7462629079818726,0.995250642299652,0.2800574004650116,0.881373941898346
8f69cfdc,node,2,501,0,0.002,0.0,128,10,128.0,3.0,torch.nn.functional.softplus,280,300,0.05,280,20,1.0,softplus,poisson,1.0,0.9695601463317872,0.9996899962425232,0.2812837958335876,1.0
07a3ee5f,node,5,501,0,0.002,0.0,128,10,128.0,3.0,torch.nn.functional.softplus,280,300,0.05,280,20,1.0,softplus,poisson,1.0,0.9690119028091432,0.9987334609031676,0.28102508187294,0.9998733997344972
7d511902,node,3,501,0,0.002,0.0,128,10,128.0,3.0,torch.nn.functional.softplus,280,300,0.05,280,20,1.0,softplus,poisson,1.0,0.9708377122879028,0.9993685483932496,0.2812133133411407,0.9999736547470092
07a3ee5f,node,5,501,0,0.002,0.0,128,10,128.0,3.0,torch.nn.functional.softplus,280,300,0.05,280,20,1.0,softplus,poisson,1.0,0.9690119028091432,0.9987334609031676,0.28102508187294,0.9998733997344972
7d511902,node,3,501,0,0.002,0.0,128,10,128.0,3.0,torch.nn.functional.softplus,280,300,0.05,280,20,1.0,softplus,poisson,1.0,0.9708377122879028,0.9993685483932496,0.2812133133411407,0.9999736547470092
2a457ed5,node,10,501,0,0.002,0.0,128,10,128.0,3.0,torch.nn.functional.softplus,280,300,0.05,280,20,1.0,softplus,poisson,1.0,0.9632751941680908,0.9992552399635316,0.2811635434627533,0.9991374611854552
2a457ed5,node,10,501,0,0.002,0.0,128,10,128.0,3.0,torch.nn.functional.softplus,280,300,0.05,280,20,1.0,softplus,poisson,1.0,0.9632751941680908,0.9992552399635316,0.2811635434627533,0.9991374611854552
8aba258a,node,32,501,0,0.002,0.0,128,10,128.0,3.0,torch.nn.functional.softplus,280,300,0.05,280,20,1.0,softplus,poisson,1.0,0.9074147939682008,0.9979655146598816,0.2808267772197723,0.968312680721283
8aba258a,node,32,501,0,0.002,0.0,128,10,128.0,3.0,torch.nn.functional.softplus,280,300,0.05,280,20,1.0,softplus,poisson,1.0,0.9074147939682008,0.9979655146598816,0.2808267772197723,0.968312680721283
cd9a7f6e,node,64,501,0,0.002,0.0,128,10,128.0,3.0,torch.nn.functional.softplus,280,300,0.05,280,20,1.0,softplus,poisson,1.0,0.7494844794273376,0.9959921836853028,0.2803240716457367,0.8829927444458008
cd9a7f6e,node,64,501,0,0.002,0.0,128,10,128.0,3.0,torch.nn.functional.softplus,280,300,0.05,280,20,1.0,softplus,poisson,1.0,0.7494844794273376,0.9959921836853028,0.2803240716457367,0.8829927444458008
0cc3384a,node,2,501,0,0.002,0.0,128,10,128.0,3.0,,280,300,0.05,280,20,1.0,softplus,poisson,1.0,0.9695518016815186,0.9996906518936156,0.281283974647522,1.0
d7001813,node,3,501,0,0.002,0.0,128,10,128.0,3.0,,280,300,0.05,280,20,1.0,softplus,poisson,1.0,0.9708458185195924,0.9993691444396972,0.2812133133411407,0.999973475933075
0cc3384a,node,2,501,0,0.002,0.0,128,10,128.0,3.0,,280,300,0.05,280,20,1.0,softplus,poisson,1.0,0.9695518016815186,0.9996906518936156,0.281283974647522,1.0
d7001813,node,3,501,0,0.002,0.0,128,10,128.0,3.0,,280,300,0.05,280,20,1.0,softplus,poisson,1.0,0.9708458185195924,0.9993691444396972,0.2812133133411407,0.999973475933075
6bd5e9f9,node,5,501,0,0.002,0.0,128,10,128.0,3.0,,280,300,0.05,280,20,1.0,softplus,poisson,1.0,0.969000518321991,0.9987325072288512,0.2810247540473938,0.9998717308044434
6bd5e9f9,node,5,501,0,0.002,0.0,128,10,128.0,3.0,,280,300,0.05,280,20,1.0,softplus,poisson,1.0,0.969000518321991,0.9987325072288512,0.2810247540473938,0.9998717308044434
80fc3361,node,10,501,0,0.002,0.0,128,10,128.0,3.0,,280,300,0.05,280,20,1.0,softplus,poisson,1.0,0.9632573127746582,0.9992542266845704,0.2811640799045563,0.9991262555122375
80fc3361,node,10,501,0,0.002,0.0,128,10,128.0,3.0,,280,300,0.05,280,20,1.0,softplus,poisson,1.0,0.9632573127746582,0.9992542266845704,0.2811640799045563,0.9991262555122375
b9fe2392,node,32,501,0,0.002,0.0,128,10,128.0,3.0,,280,300,0.05,280,20,1.0,softplus,poisson,1.0,0.9073686003684998,0.9979572892189026,0.2808214724063873,0.9682871103286744
2decde61,node,64,501,0,0.002,0.0,128,10,128.0,3.0,,280,300,0.05,280,20,1.0,softplus,poisson,1.0,0.7495462894439697,0.996005356311798,0.2803267240524292,0.8832191228866577
b9fe2392,node,32,501,0,0.002,0.0,128,10,128.0,3.0,,280,300,0.05,280,20,1.0,softplus,poisson,1.0,0.9073686003684998,0.9979572892189026,0.2808214724063873,0.9682871103286744
2decde61,node,64,501,0,0.002,0.0,128,10,128.0,3.0,,280,300,0.05,280,20,1.0,softplus,poisson,1.0,0.7495462894439697,0.996005356311798,0.2803267240524292,0.8832191228866577
bb6d13e5,gru,512,500,0,0.0001,0.0001,128,10,,,torch.nn.functional.softplus,250,300,,250,50,1.0,softplus,poisson,1.0,0.6683540344238281,0.5797573924064636,0.142008751630783,0.9995513558387756
667d6c05,gru,256,500,0,0.0001,0.0001,128,10,,,torch.nn.functional.softplus,250,300,,250,50,1.0,softplus,poisson,1.0,0.8118053078651428,0.7637279033660889,0.2139040231704712,0.9994149208068848
9d8418cd,gru,64,500,0,0.0001,0.0001,128,10,,,torch.nn.functional.softplus,250,300,,250,50,1.0,softplus,poisson,1.0,0.8293372988700867,0.7534361481666565,0.2073665112257003,0.9946629405021667
b0c84d10,gru,128,500,0,0.0001,0.0001,128,10,,,torch.nn.functional.softplus,250,300,,250,50,1.0,softplus,poisson,1.0,0.7655442953109741,0.6729120016098022,0.189921036362648,0.9980708360671996
10fd576c,gru,32,500,0,0.0001,0.0001,128,10,,,torch.nn.functional.softplus,250,300,,250,50,1.0,softplus,poisson,1.0,0.6528865694999695,0.6200821399688721,0.1701241880655288,0.9962494373321532
667d6c05,gru,256,500,0,0.0001,0.0001,128,10,,,torch.nn.functional.softplus,250,300,,250,50,1.0,softplus,poisson,1.0,0.8118053078651428,0.7637279033660889,0.2139040231704712,0.9994149208068848
bb6d13e5,gru,512,500,0,0.0001,0.0001,128,10,,,torch.nn.functional.softplus,250,300,,250,50,1.0,softplus,poisson,1.0,0.6683540344238281,0.5797573924064636,0.142008751630783,0.9995513558387756
fc849e05,gru,32,500,0,0.0001,0.0001,128,10,,,,250,300,,250,50,1.0,softplus,poisson,1.0,0.6542074680328369,0.6208186745643616,0.1703412681818008,0.996240258216858
9d8418cd,gru,64,500,0,0.0001,0.0001,128,10,,,torch.nn.functional.softplus,250,300,,250,50,1.0,softplus,poisson,1.0,0.8293372988700867,0.7534361481666565,0.2073665112257003,0.9946629405021667
10fd576c,gru,32,500,0,0.0001,0.0001,128,10,,,torch.nn.functional.softplus,250,300,,250,50,1.0,softplus,poisson,1.0,0.6528865694999695,0.6200821399688721,0.1701241880655288,0.9962494373321532
b0c84d10,gru,128,500,0,0.0001,0.0001,128,10,,,torch.nn.functional.softplus,250,300,,250,50,1.0,softplus,poisson,1.0,0.7655442953109741,0.6729120016098022,0.189921036362648,0.9980708360671996
fc849e05,gru,32,500,0,0.0001,0.0001,128,10,,,,250,300,,250,50,1.0,softplus,poisson,1.0,0.6542074680328369,0.6208186745643616,0.1703412681818008,0.996240258216858
57169a92,gru,64,500,0,0.0001,0.0001,128,10,,,,250,300,,250,50,1.0,softplus,poisson,1.0,0.8232885003089905,0.751800537109375,0.2067742198705673,0.9947300553321838
57169a92,gru,64,500,0,0.0001,0.0001,128,10,,,,250,300,,250,50,1.0,softplus,poisson,1.0,0.8232885003089905,0.751800537109375,0.2067742198705673,0.9947300553321838
7f4a0dca,gru,128,500,0,0.0001,0.0001,128,10,,,,250,300,,250,50,1.0,softplus,poisson,1.0,0.7711984515190125,0.6825793981552124,0.1924112439155578,0.9980855584144592
7f4a0dca,gru,128,500,0,0.0001,0.0001,128,10,,,,250,300,,250,50,1.0,softplus,poisson,1.0,0.7711984515190125,0.6825793981552124,0.1924112439155578,0.9980855584144592
4a30d451,gru,256,500,0,0.0001,0.0001,128,10,,,,250,300,,250,50,1.0,softplus,poisson,1.0,0.7976771593093872,0.7530490756034851,0.2101702988147735,0.999412477016449
4a30d451,gru,256,500,0,0.0001,0.0001,128,10,,,,250,300,,250,50,1.0,softplus,poisson,1.0,0.7976771593093872,0.7530490756034851,0.2101702988147735,0.999412477016449
3aaf083a,gru,512,500,0,0.0001,0.0001,128,10,,,,250,300,,250,50,1.0,softplus,poisson,1.0,0.6699446439743042,0.5816826820373535,0.1425351649522781,0.9995508193969728
3aaf083a,gru,512,500,0,0.0001,0.0001,128,10,,,,250,300,,250,50,1.0,softplus,poisson,1.0,0.6699446439743042,0.5816826820373535,0.1425351649522781,0.9995508193969728
fdb85e91,gru,32,501,0,0.0001,0.0001,128,10,,,torch.nn.functional.softplus,250,300,,250,50,1.0,softplus,poisson,1.0,0.5493648648262024,0.5730786323547363,0.1574131995439529,0.9971575140953064
fdb85e91,gru,32,501,0,0.0001,0.0001,128,10,,,torch.nn.functional.softplus,250,300,,250,50,1.0,softplus,poisson,1.0,0.5493648648262024,0.5730786323547363,0.1574131995439529,0.9971575140953064
672cee54,gru,64,501,0,0.0001,0.0001,128,10,,,torch.nn.functional.softplus,250,300,,250,50,1.0,softplus,poisson,1.0,0.8264951705932617,0.7476903796195984,0.2060827910900116,0.9947128891944884
672cee54,gru,64,501,0,0.0001,0.0001,128,10,,,torch.nn.functional.softplus,250,300,,250,50,1.0,softplus,poisson,1.0,0.8264951705932617,0.7476903796195984,0.2060827910900116,0.9947128891944884
946eb608,gru,128,501,0,0.0001,0.0001,128,10,,,torch.nn.functional.softplus,250,300,,250,50,1.0,softplus,poisson,1.0,0.832176148891449,0.766046404838562,0.2105313092470169,0.9981821179389954
946eb608,gru,128,501,0,0.0001,0.0001,128,10,,,torch.nn.functional.softplus,250,300,,250,50,1.0,softplus,poisson,1.0,0.832176148891449,0.766046404838562,0.2105313092470169,0.9981821179389954
f561fd9e,gru,256,501,0,0.0001,0.0001,128,10,,,torch.nn.functional.softplus,250,300,,250,50,1.0,softplus,poisson,1.0,0.843464195728302,0.7890853881835938,0.2203554809093475,0.999424695968628
f561fd9e,gru,256,501,0,0.0001,0.0001,128,10,,,torch.nn.functional.softplus,250,300,,250,50,1.0,softplus,poisson,1.0,0.843464195728302,0.7890853881835938,0.2203554809093475,0.999424695968628
1bf19918,gru,512,501,0,0.0001,0.0001,128,10,,,torch.nn.functional.softplus,250,300,,250,50,1.0,softplus,poisson,1.0,0.7638156414031982,0.6108601093292236,0.1761218309402465,0.9996432065963744
1bf19918,gru,512,501,0,0.0001,0.0001,128,10,,,torch.nn.functional.softplus,250,300,,250,50,1.0,softplus,poisson,1.0,0.7638156414031982,0.6108601093292236,0.1761218309402465,0.9996432065963744
9e2e31fe,gru,32,501,0,0.0001,0.0001,128,10,,,,250,300,,250,50,1.0,softplus,poisson,1.0,0.5506749749183655,0.577904224395752,0.1583350002765655,0.9971303343772888
9e2e31fe,gru,32,501,0,0.0001,0.0001,128,10,,,,250,300,,250,50,1.0,softplus,poisson,1.0,0.5506749749183655,0.577904224395752,0.1583350002765655,0.9971303343772888
ece98f7b,gru,64,501,0,0.0001,0.0001,128,10,,,,250,300,,250,50,1.0,softplus,poisson,1.0,0.8240475058555603,0.7467691898345947,0.2056985795497894,0.994718074798584
ece98f7b,gru,64,501,0,0.0001,0.0001,128,10,,,,250,300,,250,50,1.0,softplus,poisson,1.0,0.8240475058555603,0.7467691898345947,0.2056985795497894,0.994718074798584
021612fc,gru,128,501,0,0.0001,0.0001,128,10,,,,250,300,,250,50,1.0,softplus,poisson,1.0,0.8332494497299194,0.766586422920227,0.2108179926872253,0.9981858134269714
021612fc,gru,128,501,0,0.0001,0.0001,128,10,,,,250,300,,250,50,1.0,softplus,poisson,1.0,0.8332494497299194,0.766586422920227,0.2108179926872253,0.9981858134269714
e60b5326,gru,256,501,0,0.0001,0.0001,128,10,,,,250,300,,250,50,1.0,softplus,poisson,1.0,0.8430976271629333,0.788712203502655,0.2202235758304596,0.99942547082901
e60b5326,gru,256,501,0,0.0001,0.0001,128,10,,,,250,300,,250,50,1.0,softplus,poisson,1.0,0.8430976271629333,0.788712203502655,0.2202235758304596,0.99942547082901
1221f4a0,gru,512,501,0,0.0001,0.0001,128,10,,,,250,300,,250,50,1.0,softplus,poisson,1.0,0.7660665512084961,0.6052273511886597,0.1755322068929672,0.9996402859687804
1221f4a0,gru,512,501,0,0.0001,0.0001,128,10,,,,250,300,,250,50,1.0,softplus,poisson,1.0,0.7660665512084961,0.6052273511886597,0.1755322068929672,0.9996402859687804
b0c84d10,gru,128,500,0,0.0001,0.0001,128,10,,,torch.nn.functional.softplus,250,300,,250,50,1.0,softplus,poisson,1.0,0.7655442953109741,0.6729120016098022,0.189921036362648,0.9980708360671996
fc849e05,gru,32,500,0,0.0001,0.0001,128,10,,,,250,300,,250,50,1.0,softplus,poisson,1.0,0.6542074680328369,0.6208186745643616,0.1703412681818008,0.996240258216858
667d6c05,gru,256,500,0,0.0001,0.0001,128,10,,,torch.nn.functional.softplus,250,300,,250,50,1.0,softplus,poisson,1.0,0.8118053078651428,0.7637279033660889,0.2139040231704712,0.9994149208068848
9d8418cd,gru,64,500,0,0.0001,0.0001,128,10,,,torch.nn.functional.softplus,250,300,,250,50,1.0,softplus,poisson,1.0,0.8293372988700867,0.7534361481666565,0.2073665112257003,0.9946629405021667
b0c84d10,gru,128,500,0,0.0001,0.0001,128,10,,,torch.nn.functional.softplus,250,300,,250,50,1.0,softplus,poisson,1.0,0.7655442953109741,0.6729120016098022,0.189921036362648,0.9980708360671996
fc849e05,gru,32,500,0,0.0001,0.0001,128,10,,,,250,300,,250,50,1.0,softplus,poisson,1.0,0.6542074680328369,0.6208186745643616,0.1703412681818008,0.996240258216858
bb6d13e5,gru,512,500,0,0.0001,0.0001,128,10,,,torch.nn.functional.softplus,250,300,,250,50,1.0,softplus,poisson,1.0,0.6683540344238281,0.5797573924064636,0.142008751630783,0.9995513558387756
667d6c05,gru,256,500,0,0.0001,0.0001,128,10,,,torch.nn.functional.softplus,250,300,,250,50,1.0,softplus,poisson,1.0,0.8118053078651428,0.7637279033660889,0.2139040231704712,0.9994149208068848
10fd576c,gru,32,500,0,0.0001,0.0001,128,10,,,torch.nn.functional.softplus,250,300,,250,50,1.0,softplus,poisson,1.0,0.6528865694999695,0.6200821399688721,0.1701241880655288,0.9962494373321532
9d8418cd,gru,64,500,0,0.0001,0.0001,128,10,,,torch.nn.functional.softplus,250,300,,250,50,1.0,softplus,poisson,1.0,0.8293372988700867,0.7534361481666565,0.2073665112257003,0.9946629405021667
bb6d13e5,gru,512,500,0,0.0001,0.0001,128,10,,,torch.nn.functional.softplus,250,300,,250,50,1.0,softplus,poisson,1.0,0.6683540344238281,0.5797573924064636,0.142008751630783,0.9995513558387756
10fd576c,gru,32,500,0,0.0001,0.0001,128,10,,,torch.nn.functional.softplus,250,300,,250,50,1.0,softplus,poisson,1.0,0.6528865694999695,0.6200821399688721,0.1701241880655288,0.9962494373321532
57169a92,gru,64,500,0,0.0001,0.0001,128,10,,,,250,300,,250,50,1.0,softplus,poisson,1.0,0.8232885003089905,0.751800537109375,0.2067742198705673,0.9947300553321838
57169a92,gru,64,500,0,0.0001,0.0001,128,10,,,,250,300,,250,50,1.0,softplus,poisson,1.0,0.8232885003089905,0.751800537109375,0.2067742198705673,0.9947300553321838
7f4a0dca,gru,128,500,0,0.0001,0.0001,128,10,,,,250,300,,250,50,1.0,softplus,poisson,1.0,0.7711984515190125,0.6825793981552124,0.1924112439155578,0.9980855584144592
7f4a0dca,gru,128,500,0,0.0001,0.0001,128,10,,,,250,300,,250,50,1.0,softplus,poisson,1.0,0.7711984515190125,0.6825793981552124,0.1924112439155578,0.9980855584144592
4a30d451,gru,256,500,0,0.0001,0.0001,128,10,,,,250,300,,250,50,1.0,softplus,poisson,1.0,0.7976771593093872,0.7530490756034851,0.2101702988147735,0.999412477016449
4a30d451,gru,256,500,0,0.0001,0.0001,128,10,,,,250,300,,250,50,1.0,softplus,poisson,1.0,0.7976771593093872,0.7530490756034851,0.2101702988147735,0.999412477016449
3aaf083a,gru,512,500,0,0.0001,0.0001,128,10,,,,250,300,,250,50,1.0,softplus,poisson,1.0,0.6699446439743042,0.5816826820373535,0.1425351649522781,0.9995508193969728
3aaf083a,gru,512,500,0,0.0001,0.0001,128,10,,,,250,300,,250,50,1.0,softplus,poisson,1.0,0.6699446439743042,0.5816826820373535,0.1425351649522781,0.9995508193969728
fdb85e91,gru,32,501,0,0.0001,0.0001,128,10,,,torch.nn.functional.softplus,250,300,,250,50,1.0,softplus,poisson,1.0,0.5493648648262024,0.5730786323547363,0.1574131995439529,0.9971575140953064
fdb85e91,gru,32,501,0,0.0001,0.0001,128,10,,,torch.nn.functional.softplus,250,300,,250,50,1.0,softplus,poisson,1.0,0.5493648648262024,0.5730786323547363,0.1574131995439529,0.9971575140953064
672cee54,gru,64,501,0,0.0001,0.0001,128,10,,,torch.nn.functional.softplus,250,300,,250,50,1.0,softplus,poisson,1.0,0.8264951705932617,0.7476903796195984,0.2060827910900116,0.9947128891944884
672cee54,gru,64,501,0,0.0001,0.0001,128,10,,,torch.nn.functional.softplus,250,300,,250,50,1.0,softplus,poisson,1.0,0.8264951705932617,0.7476903796195984,0.2060827910900116,0.9947128891944884
946eb608,gru,128,501,0,0.0001,0.0001,128,10,,,torch.nn.functional.softplus,250,300,,250,50,1.0,softplus,poisson,1.0,0.832176148891449,0.766046404838562,0.2105313092470169,0.9981821179389954
946eb608,gru,128,501,0,0.0001,0.0001,128,10,,,torch.nn.functional.softplus,250,300,,250,50,1.0,softplus,poisson,1.0,0.832176148891449,0.766046404838562,0.2105313092470169,0.9981821179389954
f561fd9e,gru,256,501,0,0.0001,0.0001,128,10,,,torch.nn.functional.softplus,250,300,,250,50,1.0,softplus,poisson,1.0,0.843464195728302,0.7890853881835938,0.2203554809093475,0.999424695968628
f561fd9e,gru,256,501,0,0.0001,0.0001,128,10,,,torch.nn.functional.softplus,250,300,,250,50,1.0,softplus,poisson,1.0,0.843464195728302,0.7890853881835938,0.2203554809093475,0.999424695968628
1bf19918,gru,512,501,0,0.0001,0.0001,128,10,,,torch.nn.functional.softplus,250,300,,250,50,1.0,softplus,poisson,1.0,0.7638156414031982,0.6108601093292236,0.1761218309402465,0.9996432065963744
1bf19918,gru,512,501,0,0.0001,0.0001,128,10,,,torch.nn.functional.softplus,250,300,,250,50,1.0,softplus,poisson,1.0,0.7638156414031982,0.6108601093292236,0.1761218309402465,0.9996432065963744
9e2e31fe,gru,32,501,0,0.0001,0.0001,128,10,,,,250,300,,250,50,1.0,softplus,poisson,1.0,0.5506749749183655,0.577904224395752,0.1583350002765655,0.9971303343772888
9e2e31fe,gru,32,501,0,0.0001,0.0001,128,10,,,,250,300,,250,50,1.0,softplus,poisson,1.0,0.5506749749183655,0.577904224395752,0.1583350002765655,0.9971303343772888
ece98f7b,gru,64,501,0,0.0001,0.0001,128,10,,,,250,300,,250,50,1.0,softplus,poisson,1.0,0.8240475058555603,0.7467691898345947,0.2056985795497894,0.994718074798584
ece98f7b,gru,64,501,0,0.0001,0.0001,128,10,,,,250,300,,250,50,1.0,softplus,poisson,1.0,0.8240475058555603,0.7467691898345947,0.2056985795497894,0.994718074798584
021612fc,gru,128,501,0,0.0001,0.0001,128,10,,,,250,300,,250,50,1.0,softplus,poisson,1.0,0.8332494497299194,0.766586422920227,0.2108179926872253,0.9981858134269714
021612fc,gru,128,501,0,0.0001,0.0001,128,10,,,,250,300,,250,50,1.0,softplus,poisson,1.0,0.8332494497299194,0.766586422920227,0.2108179926872253,0.9981858134269714
e60b5326,gru,256,501,0,0.0001,0.0001,128,10,,,,250,300,,250,50,1.0,softplus,poisson,1.0,0.8430976271629333,0.788712203502655,0.2202235758304596,0.99942547082901
e60b5326,gru,256,501,0,0.0001,0.0001,128,10,,,,250,300,,250,50,1.0,softplus,poisson,1.0,0.8430976271629333,0.788712203502655,0.2202235758304596,0.99942547082901
1221f4a0,gru,512,501,0,0.0001,0.0001,128,10,,,,250,300,,250,50,1.0,softplus,poisson,1.0,0.7660665512084961,0.6052273511886597,0.1755322068929672,0.9996402859687804
1221f4a0,gru,512,501,0,0.0001,0.0001,128,10,,,,250,300,,250,50,1.0,softplus,poisson,1.0,0.7660665512084961,0.6052273511886597,0.1755322068929672,0.9996402859687804
0a086b19,gnode,32,500,0,0.002,0.0,128,10,64.0,3.0,torch.nn.functional.softplus,250,300,0.1,250,50,1.0,softplus,poisson,1.0,0.8705155849456787,0.99816232919693,0.2805121839046478,0.8788018226623535
8eb73e78,gnode,10,500,0,0.002,0.0,128,10,64.0,3.0,torch.nn.functional.softplus,250,300,0.1,250,50,1.0,softplus,poisson,1.0,0.9673804044723512,0.9985989332199096,0.2805954217910766,0.998477339744568
4ec1fc58,gnode,64,500,0,0.002,0.0,128,10,64.0,3.0,torch.nn.functional.softplus,250,300,0.1,250,50,1.0,softplus,poisson,1.0,0.7231519818305969,0.9954119324684144,0.279944896697998,0.7767710089683533
53b7548a,gnode,3,500,0,0.002,0.0,128,10,64.0,3.0,torch.nn.functional.softplus,250,300,0.1,250,50,1.0,softplus,poisson,1.0,0.9710565209388732,0.9994642734527588,0.2808078825473785,0.9999675154685974
2e454f5d,gnode,5,500,0,0.002,0.0,128,10,64.0,3.0,torch.nn.functional.softplus,250,300,0.1,250,50,1.0,softplus,poisson,1.0,0.971285343170166,0.9994364976882936,0.2808199226856231,0.9996744394302368
d566470b,gnode,2,500,0,0.002,0.0,128,10,64.0,3.0,torch.nn.functional.softplus,250,300,0.1,250,50,1.0,softplus,poisson,1.0,0.971465229988098,0.9997153282165528,0.2808686196804046,1.0
53b7548a,gnode,3,500,0,0.002,0.0,128,10,64.0,3.0,torch.nn.functional.softplus,250,300,0.1,250,50,1.0,softplus,poisson,1.0,0.9710565209388732,0.9994642734527588,0.2808078825473785,0.9999675154685974
2e454f5d,gnode,5,500,0,0.002,0.0,128,10,64.0,3.0,torch.nn.functional.softplus,250,300,0.1,250,50,1.0,softplus,poisson,1.0,0.971285343170166,0.9994364976882936,0.2808199226856231,0.9996744394302368
0a086b19,gnode,32,500,0,0.002,0.0,128,10,64.0,3.0,torch.nn.functional.softplus,250,300,0.1,250,50,1.0,softplus,poisson,1.0,0.8705155849456787,0.99816232919693,0.2805121839046478,0.8788018226623535
8eb73e78,gnode,10,500,0,0.002,0.0,128,10,64.0,3.0,torch.nn.functional.softplus,250,300,0.1,250,50,1.0,softplus,poisson,1.0,0.9673804044723512,0.9985989332199096,0.2805954217910766,0.998477339744568
d566470b,gnode,2,500,0,0.002,0.0,128,10,64.0,3.0,torch.nn.functional.softplus,250,300,0.1,250,50,1.0,softplus,poisson,1.0,0.971465229988098,0.9997153282165528,0.2808686196804046,1.0
4ec1fc58,gnode,64,500,0,0.002,0.0,128,10,64.0,3.0,torch.nn.functional.softplus,250,300,0.1,250,50,1.0,softplus,poisson,1.0,0.7231519818305969,0.9954119324684144,0.279944896697998,0.7767710089683533
932a575d,gnode,2,501,0,0.002,0.0,128,10,64.0,3.0,torch.nn.functional.softplus,250,300,0.1,250,50,1.0,softplus,poisson,1.0,0.9711796045303344,0.999555766582489,0.2808183133602142,1.0
932a575d,gnode,2,501,0,0.002,0.0,128,10,64.0,3.0,torch.nn.functional.softplus,250,300,0.1,250,50,1.0,softplus,poisson,1.0,0.9711796045303344,0.999555766582489,0.2808183133602142,1.0
d4dfdc16,gnode,3,501,0,0.002,0.0,128,10,64.0,3.0,torch.nn.functional.softplus,250,300,0.1,250,50,1.0,softplus,poisson,1.0,0.9706633687019348,0.999326229095459,0.2807731926441192,0.9999656081199646
d4dfdc16,gnode,3,501,0,0.002,0.0,128,10,64.0,3.0,torch.nn.functional.softplus,250,300,0.1,250,50,1.0,softplus,poisson,1.0,0.9706633687019348,0.999326229095459,0.2807731926441192,0.9999656081199646
b77e32df,gnode,5,501,0,0.002,0.0,128,10,64.0,3.0,torch.nn.functional.softplus,250,300,0.1,250,50,1.0,softplus,poisson,1.0,0.9707475304603576,0.9985076189041138,0.280606210231781,0.9996830224990844
b77e32df,gnode,5,501,0,0.002,0.0,128,10,64.0,3.0,torch.nn.functional.softplus,250,300,0.1,250,50,1.0,softplus,poisson,1.0,0.9707475304603576,0.9985076189041138,0.280606210231781,0.9996830224990844
047eb157,gnode,10,501,0,0.002,0.0,128,10,64.0,3.0,torch.nn.functional.softplus,250,300,0.1,250,50,1.0,softplus,poisson,1.0,0.966418981552124,0.9986838102340698,0.2806586027145386,0.9985533356666564
047eb157,gnode,10,501,0,0.002,0.0,128,10,64.0,3.0,torch.nn.functional.softplus,250,300,0.1,250,50,1.0,softplus,poisson,1.0,0.966418981552124,0.9986838102340698,0.2806586027145386,0.9985533356666564
734917aa,gnode,32,501,0,0.002,0.0,128,10,64.0,3.0,torch.nn.functional.softplus,250,300,0.1,250,50,1.0,softplus,poisson,1.0,0.8707526326179504,0.9981573224067688,0.2805121839046478,0.8800371289253235
9dc644f8,gnode,64,501,0,0.002,0.0,128,10,64.0,3.0,torch.nn.functional.softplus,250,300,0.1,250,50,1.0,softplus,poisson,1.0,0.719950795173645,0.9952558279037476,0.2799627482891083,0.7787560224533081
734917aa,gnode,32,501,0,0.002,0.0,128,10,64.0,3.0,torch.nn.functional.softplus,250,300,0.1,250,50,1.0,softplus,poisson,1.0,0.8707526326179504,0.9981573224067688,0.2805121839046478,0.8800371289253235
9dc644f8,gnode,64,501,0,0.002,0.0,128,10,64.0,3.0,torch.nn.functional.softplus,250,300,0.1,250,50,1.0,softplus,poisson,1.0,0.719950795173645,0.9952558279037476,0.2799627482891083,0.7787560224533081
3cdf23ce,fr,32,500,0,0.0001,0.0001,128,10,,,torch.nn.functional.softplus,200,300,,200,100,1.0,softplus,poisson,1.0,0.4608946442604065,0.4962675869464874,0.136249154806137,0.9966405630111694
3d84f657,fr,128,500,0,0.0001,0.0001,128,10,,,torch.nn.functional.softplus,200,300,,200,100,1.0,softplus,poisson,1.0,0.7416808009147644,0.610291600227356,0.1553253382444381,0.9758242964744568
4c485089,fr,64,500,0,0.0001,0.0001,128,10,,,torch.nn.functional.softplus,200,300,,200,100,1.0,softplus,poisson,1.0,0.0388331599533557,-0.6067719459533691,-0.1200418174266815,0.9987878203392028
849e5565,fr,256,500,0,0.0001,0.0001,128,10,,,torch.nn.functional.softplus,200,300,,200,100,1.0,softplus,poisson,1.0,0.843049943447113,0.8201675415039062,0.2168803513050079,0.999192237854004
3cdf23ce,fr,32,500,0,0.0001,0.0001,128,10,,,torch.nn.functional.softplus,200,300,,200,100,1.0,softplus,poisson,1.0,0.4608946442604065,0.4962675869464874,0.136249154806137,0.9966405630111694
3d84f657,fr,128,500,0,0.0001,0.0001,128,10,,,torch.nn.functional.softplus,200,300,,200,100,1.0,softplus,poisson,1.0,0.7416808009147644,0.610291600227356,0.1553253382444381,0.9758242964744568
95e869f5,fr,512,500,0,0.0001,0.0001,128,10,,,torch.nn.functional.softplus,200,300,,200,100,1.0,softplus,poisson,1.0,0.8445248007774353,0.7889226078987122,0.2053090780973434,0.9989442229270936
4c485089,fr,64,500,0,0.0001,0.0001,128,10,,,torch.nn.functional.softplus,200,300,,200,100,1.0,softplus,poisson,1.0,0.0388331599533557,-0.6067719459533691,-0.1200418174266815,0.9987878203392028
849e5565,fr,256,500,0,0.0001,0.0001,128,10,,,torch.nn.functional.softplus,200,300,,200,100,1.0,softplus,poisson,1.0,0.843049943447113,0.8201675415039062,0.2168803513050079,0.999192237854004
87cad0a3,fr,32,500,0,0.0001,0.0001,128,10,,,,200,300,,200,100,1.0,softplus,poisson,1.0,0.4486900568008423,0.4855684340000152,0.1336985975503921,0.9966529607772828
95e869f5,fr,512,500,0,0.0001,0.0001,128,10,,,torch.nn.functional.softplus,200,300,,200,100,1.0,softplus,poisson,1.0,0.8445248007774353,0.7889226078987122,0.2053090780973434,0.9989442229270936
87cad0a3,fr,32,500,0,0.0001,0.0001,128,10,,,,200,300,,200,100,1.0,softplus,poisson,1.0,0.4486900568008423,0.4855684340000152,0.1336985975503921,0.9966529607772828
1f5ba8c6,fr,64,500,0,0.0001,0.0001,128,10,,,,200,300,,200,100,1.0,softplus,poisson,1.0,0.0375323481857776,-0.612830400466919,-0.1213950142264366,0.9987872242927552
1f5ba8c6,fr,64,500,0,0.0001,0.0001,128,10,,,,200,300,,200,100,1.0,softplus,poisson,1.0,0.0375323481857776,-0.612830400466919,-0.1213950142264366,0.9987872242927552
ac2cd44c,fr,128,500,0,0.0001,0.0001,128,10,,,,200,300,,200,100,1.0,softplus,poisson,1.0,0.7417308688163757,0.6104369759559631,0.1553639322519302,0.9758235216140748
ac2cd44c,fr,128,500,0,0.0001,0.0001,128,10,,,,200,300,,200,100,1.0,softplus,poisson,1.0,0.7417308688163757,0.6104369759559631,0.1553639322519302,0.9758235216140748
51898186,fr,256,500,0,0.0001,0.0001,128,10,,,,200,300,,200,100,1.0,softplus,poisson,1.0,0.8430505394935608,0.8201678991317749,0.2168805301189422,0.999192237854004
51898186,fr,256,500,0,0.0001,0.0001,128,10,,,,200,300,,200,100,1.0,softplus,poisson,1.0,0.8430505394935608,0.8201678991317749,0.2168805301189422,0.999192237854004
27ea651f,fr,512,500,0,0.0001,0.0001,128,10,,,,200,300,,200,100,1.0,softplus,poisson,1.0,0.8445260524749756,0.7889217734336853,0.205308735370636,0.9989442229270936
27ea651f,fr,512,500,0,0.0001,0.0001,128,10,,,,200,300,,200,100,1.0,softplus,poisson,1.0,0.8445260524749756,0.7889217734336853,0.205308735370636,0.9989442229270936
2650a493,fr,32,501,0,0.0001,0.0001,128,10,,,torch.nn.functional.softplus,200,300,,200,100,1.0,softplus,poisson,1.0,0.6092367172241211,0.6214057803153992,0.1653448641300201,0.996290922164917
2650a493,fr,32,501,0,0.0001,0.0001,128,10,,,torch.nn.functional.softplus,200,300,,200,100,1.0,softplus,poisson,1.0,0.6092367172241211,0.6214057803153992,0.1653448641300201,0.996290922164917
472d76b9,fr,64,501,0,0.0001,0.0001,128,10,,,torch.nn.functional.softplus,200,300,,200,100,1.0,softplus,poisson,1.0,0.5982100963592529,0.5908967852592468,0.1563209742307663,0.9983456134796144
472d76b9,fr,64,501,0,0.0001,0.0001,128,10,,,torch.nn.functional.softplus,200,300,,200,100,1.0,softplus,poisson,1.0,0.5982100963592529,0.5908967852592468,0.1563209742307663,0.9983456134796144
d12d0fcb,fr,128,501,0,0.0001,0.0001,128,10,,,torch.nn.functional.softplus,200,300,,200,100,1.0,softplus,poisson,1.0,0.7996187210083008,0.7069584131240845,0.1824424862861633,0.9792741537094116
d12d0fcb,fr,128,501,0,0.0001,0.0001,128,10,,,torch.nn.functional.softplus,200,300,,200,100,1.0,softplus,poisson,1.0,0.7996187210083008,0.7069584131240845,0.1824424862861633,0.9792741537094116
59aafcad,fr,256,501,0,0.0001,0.0001,128,10,,,torch.nn.functional.softplus,200,300,,200,100,1.0,softplus,poisson,1.0,0.8123236894607544,0.7922918200492859,0.2176215201616287,0.9994009733200072
59aafcad,fr,256,501,0,0.0001,0.0001,128,10,,,torch.nn.functional.softplus,200,300,,200,100,1.0,softplus,poisson,1.0,0.8123236894607544,0.7922918200492859,0.2176215201616287,0.9994009733200072
ff5116ad,fr,512,501,0,0.0001,0.0001,128,10,,,torch.nn.functional.softplus,200,300,,200,100,1.0,softplus,poisson,1.0,0.8192095160484314,0.8074110150337219,0.2157201766967773,0.9993273019790648
ff5116ad,fr,512,501,0,0.0001,0.0001,128,10,,,torch.nn.functional.softplus,200,300,,200,100,1.0,softplus,poisson,1.0,0.8192095160484314,0.8074110150337219,0.2157201766967773,0.9993273019790648
0517d079,fr,32,501,0,0.0001,0.0001,128,10,,,,200,300,,200,100,1.0,softplus,poisson,1.0,0.6090940237045288,0.6214048266410828,0.1653441488742828,0.9962905645370485
0517d079,fr,32,501,0,0.0001,0.0001,128,10,,,,200,300,,200,100,1.0,softplus,poisson,1.0,0.6090940237045288,0.6214048266410828,0.1653441488742828,0.9962905645370485
d1e41d15,fr,64,501,0,0.0001,0.0001,128,10,,,,200,300,,200,100,1.0,softplus,poisson,1.0,0.5982545614242554,0.5908766388893127,0.1563149541616439,0.998345911502838
d1e41d15,fr,64,501,0,0.0001,0.0001,128,10,,,,200,300,,200,100,1.0,softplus,poisson,1.0,0.5982545614242554,0.5908766388893127,0.1563149541616439,0.998345911502838
5cc314ac,fr,128,501,0,0.0001,0.0001,128,10,,,,200,300,,200,100,1.0,softplus,poisson,1.0,0.799497663974762,0.7069991827011108,0.1824564784765243,0.97927325963974
5cc314ac,fr,128,501,0,0.0001,0.0001,128,10,,,,200,300,,200,100,1.0,softplus,poisson,1.0,0.799497663974762,0.7069991827011108,0.1824564784765243,0.97927325963974
9cfa68af,fr,256,501,0,0.0001,0.0001,128,10,,,,200,300,,200,100,1.0,softplus,poisson,1.0,0.8123427629470825,0.7923110127449036,0.2176269888877868,0.9994010925292968
9cfa68af,fr,256,501,0,0.0001,0.0001,128,10,,,,200,300,,200,100,1.0,softplus,poisson,1.0,0.8123427629470825,0.7923110127449036,0.2176269888877868,0.9994010925292968
822fb8eb,fr,512,501,0,0.0001,0.0001,128,10,,,,200,300,,200,100,1.0,softplus,poisson,1.0,0.819209098815918,0.8074111938476562,0.2157198339700698,0.9993273019790648
822fb8eb,fr,512,501,0,0.0001,0.0001,128,10,,,,200,300,,200,100,1.0,softplus,poisson,1.0,0.819209098815918,0.8074111938476562,0.2157198339700698,0.9993273019790648
01745b0e,node,3,500,0,0.002,0.0,128,10,128.0,3.0,torch.nn.functional.softplus,200,300,0.05,200,100,1.0,softplus,poisson,1.0,0.9712378978729248,0.9995688199996948,0.2808392941951751,0.9999685883522034
57420c5d,node,10,500,0,0.002,0.0,128,10,128.0,3.0,torch.nn.functional.softplus,200,300,0.05,200,100,1.0,softplus,poisson,1.0,0.9647727608680724,0.9992076754570008,0.2808074355125427,0.9987532496452332
19f85d76,node,5,500,0,0.002,0.0,128,10,128.0,3.0,torch.nn.functional.softplus,200,300,0.05,200,100,1.0,softplus,poisson,1.0,0.9680058360099792,0.9993197321891784,0.2807858288288116,0.9998340010643004
5507ff92,node,2,500,0,0.002,0.0,128,10,128.0,3.0,torch.nn.functional.softplus,200,300,0.05,200,100,1.0,softplus,poisson,1.0,0.9689327478408812,0.9996665120124816,0.2808493971824646,1.0
b7f1d587,node,32,500,0,0.002,0.0,128,10,128.0,3.0,torch.nn.functional.softplus,200,300,0.05,200,100,1.0,softplus,poisson,1.0,0.9093714952468872,0.9981271624565125,0.2806026935577392,0.9649288654327391
01745b0e,node,3,500,0,0.002,0.0,128,10,128.0,3.0,torch.nn.functional.softplus,200,300,0.05,200,100,1.0,softplus,poisson,1.0,0.9712378978729248,0.9995688199996948,0.2808392941951751,0.9999685883522034
57420c5d,node,10,500,0,0.002,0.0,128,10,128.0,3.0,torch.nn.functional.softplus,200,300,0.05,200,100,1.0,softplus,poisson,1.0,0.9647727608680724,0.9992076754570008,0.2808074355125427,0.9987532496452332
19f85d76,node,5,500,0,0.002,0.0,128,10,128.0,3.0,torch.nn.functional.softplus,200,300,0.05,200,100,1.0,softplus,poisson,1.0,0.9680058360099792,0.9993197321891784,0.2807858288288116,0.9998340010643004
5507ff92,node,2,500,0,0.002,0.0,128,10,128.0,3.0,torch.nn.functional.softplus,200,300,0.05,200,100,1.0,softplus,poisson,1.0,0.9689327478408812,0.9996665120124816,0.2808493971824646,1.0
b7f1d587,node,32,500,0,0.002,0.0,128,10,128.0,3.0,torch.nn.functional.softplus,200,300,0.05,200,100,1.0,softplus,poisson,1.0,0.9093714952468872,0.9981271624565125,0.2806026935577392,0.9649288654327391
a9c6abc0,node,64,500,0,0.002,0.0,128,10,128.0,3.0,torch.nn.functional.softplus,200,300,0.05,200,100,1.0,softplus,poisson,1.0,0.7260257601737976,0.9954444766044616,0.2800156474113464,0.8879155516624451
a9c6abc0,node,64,500,0,0.002,0.0,128,10,128.0,3.0,torch.nn.functional.softplus,200,300,0.05,200,100,1.0,softplus,poisson,1.0,0.7260257601737976,0.9954444766044616,0.2800156474113464,0.8879155516624451
398e186f,node,2,500,0,0.002,0.0,128,10,128.0,3.0,,200,300,0.05,200,100,1.0,softplus,poisson,1.0,0.9689297676086426,0.9996643662452698,0.280847817659378,1.0
ee6f4460,node,3,500,0,0.002,0.0,128,10,128.0,3.0,,200,300,0.05,200,100,1.0,softplus,poisson,1.0,0.9712435603141784,0.999570906162262,0.2808396816253662,0.9999684691429138
ee6f4460,node,3,500,0,0.002,0.0,128,10,128.0,3.0,,200,300,0.05,200,100,1.0,softplus,poisson,1.0,0.9712435603141784,0.999570906162262,0.2808396816253662,0.9999684691429138
398e186f,node,2,500,0,0.002,0.0,128,10,128.0,3.0,,200,300,0.05,200,100,1.0,softplus,poisson,1.0,0.9689297676086426,0.9996643662452698,0.280847817659378,1.0
23a73c5f,node,5,500,0,0.002,0.0,128,10,128.0,3.0,,200,300,0.05,200,100,1.0,softplus,poisson,1.0,0.9680072069168092,0.9993200302124025,0.280785471200943,0.999834418296814
23a73c5f,node,5,500,0,0.002,0.0,128,10,128.0,3.0,,200,300,0.05,200,100,1.0,softplus,poisson,1.0,0.9680072069168092,0.9993200302124025,0.280785471200943,0.999834418296814
44cb59e9,node,10,500,0,0.002,0.0,128,10,128.0,3.0,,200,300,0.05,200,100,1.0,softplus,poisson,1.0,0.9647853970527648,0.9992082118988036,0.280807614326477,0.998749315738678
44cb59e9,node,10,500,0,0.002,0.0,128,10,128.0,3.0,,200,300,0.05,200,100,1.0,softplus,poisson,1.0,0.9647853970527648,0.9992082118988036,0.280807614326477,0.998749315738678
e3c824c4,node,32,500,0,0.002,0.0,128,10,128.0,3.0,,200,300,0.05,200,100,1.0,softplus,poisson,1.0,0.9095651507377625,0.9981278777122498,0.2805984616279602,0.9655987024307252
e3c824c4,node,32,500,0,0.002,0.0,128,10,128.0,3.0,,200,300,0.05,200,100,1.0,softplus,poisson,1.0,0.9095651507377625,0.9981278777122498,0.2805984616279602,0.9655987024307252
b8b48028,node,64,500,0,0.002,0.0,128,10,128.0,3.0,,200,300,0.05,200,100,1.0,softplus,poisson,1.0,0.7259774208068848,0.9954658150672911,0.2800246775150299,0.8877130150794983
b8b48028,node,64,500,0,0.002,0.0,128,10,128.0,3.0,,200,300,0.05,200,100,1.0,softplus,poisson,1.0,0.7259774208068848,0.9954658150672911,0.2800246775150299,0.8877130150794983
662d3bc2,node,2,501,0,0.002,0.0,128,10,128.0,3.0,torch.nn.functional.softplus,200,300,0.05,200,100,1.0,softplus,poisson,1.0,0.9689722657203674,0.9995226860046388,0.2808290421962738,1.0
662d3bc2,node,2,501,0,0.002,0.0,128,10,128.0,3.0,torch.nn.functional.softplus,200,300,0.05,200,100,1.0,softplus,poisson,1.0,0.9689722657203674,0.9995226860046388,0.2808290421962738,1.0
c41cfd0f,node,3,501,0,0.002,0.0,128,10,128.0,3.0,torch.nn.functional.softplus,200,300,0.05,200,100,1.0,softplus,poisson,1.0,0.9724401831626892,0.9991843700408936,0.2807077169418335,0.9999703764915466
c41cfd0f,node,3,501,0,0.002,0.0,128,10,128.0,3.0,torch.nn.functional.softplus,200,300,0.05,200,100,1.0,softplus,poisson,1.0,0.9724401831626892,0.9991843700408936,0.2807077169418335,0.9999703764915466
fbd661a2,node,5,501,0,0.002,0.0,128,10,128.0,3.0,torch.nn.functional.softplus,200,300,0.05,200,100,1.0,softplus,poisson,1.0,0.9700415134429932,0.999204158782959,0.2807686328887939,0.9998326301574708
fbd661a2,node,5,501,0,0.002,0.0,128,10,128.0,3.0,torch.nn.functional.softplus,200,300,0.05,200,100,1.0,softplus,poisson,1.0,0.9700415134429932,0.999204158782959,0.2807686328887939,0.9998326301574708
f45a1eb6,node,10,501,0,0.002,0.0,128,10,128.0,3.0,torch.nn.functional.softplus,200,300,0.05,200,100,1.0,softplus,poisson,1.0,0.9650989770889282,0.9992364048957824,0.2808108031749725,0.998784840106964
f45a1eb6,node,10,501,0,0.002,0.0,128,10,128.0,3.0,torch.nn.functional.softplus,200,300,0.05,200,100,1.0,softplus,poisson,1.0,0.9650989770889282,0.9992364048957824,0.2808108031749725,0.998784840106964
4781235d,node,32,501,0,0.002,0.0,128,10,128.0,3.0,torch.nn.functional.softplus,200,300,0.05,200,100,1.0,softplus,poisson,1.0,0.9031215906143188,0.9981358647346495,0.2806036174297333,0.9601127505302428
4781235d,node,32,501,0,0.002,0.0,128,10,128.0,3.0,torch.nn.functional.softplus,200,300,0.05,200,100,1.0,softplus,poisson,1.0,0.9031215906143188,0.9981358647346495,0.2806036174297333,0.9601127505302428
5b5eed4c,node,64,501,0,0.002,0.0,128,10,128.0,3.0,torch.nn.functional.softplus,200,300,0.05,200,100,1.0,softplus,poisson,1.0,0.7182815670967102,0.9954570531845092,0.2800058722496032,0.8811537027359009
5b5eed4c,node,64,501,0,0.002,0.0,128,10,128.0,3.0,torch.nn.functional.softplus,200,300,0.05,200,100,1.0,softplus,poisson,1.0,0.7182815670967102,0.9954570531845092,0.2800058722496032,0.8811537027359009
a7380367,node,2,501,0,0.002,0.0,128,10,128.0,3.0,,200,300,0.05,200,100,1.0,softplus,poisson,1.0,0.9689684510231018,0.9995213150978088,0.2808285057544708,1.0
a7380367,node,2,501,0,0.002,0.0,128,10,128.0,3.0,,200,300,0.05,200,100,1.0,softplus,poisson,1.0,0.9689684510231018,0.9995213150978088,0.2808285057544708,1.0
6fabb7c5,node,3,501,0,0.002,0.0,128,10,128.0,3.0,,200,300,0.05,200,100,1.0,softplus,poisson,1.0,0.9724459052085876,0.9991855621337892,0.2807079255580902,0.9999710321426392
6fabb7c5,node,3,501,0,0.002,0.0,128,10,128.0,3.0,,200,300,0.05,200,100,1.0,softplus,poisson,1.0,0.9724459052085876,0.9991855621337892,0.2807079255580902,0.9999710321426392
4b386e39,node,5,501,0,0.002,0.0,128,10,128.0,3.0,,200,300,0.05,200,100,1.0,softplus,poisson,1.0,0.970038652420044,0.9992040991783142,0.280768483877182,0.9998318552970886
4b386e39,node,5,501,0,0.002,0.0,128,10,128.0,3.0,,200,300,0.05,200,100,1.0,softplus,poisson,1.0,0.970038652420044,0.9992040991783142,0.280768483877182,0.9998318552970886
140c6e8f,node,10,501,0,0.002,0.0,128,10,128.0,3.0,,200,300,0.05,200,100,1.0,softplus,poisson,1.0,0.9650883078575134,0.9992350935935974,0.2808099091053009,0.9987808465957642
140c6e8f,node,10,501,0,0.002,0.0,128,10,128.0,3.0,,200,300,0.05,200,100,1.0,softplus,poisson,1.0,0.9650883078575134,0.9992350935935974,0.2808099091053009,0.9987808465957642
fd514f56,node,32,501,0,0.002,0.0,128,10,128.0,3.0,,200,300,0.05,200,100,1.0,softplus,poisson,1.0,0.9027843475341796,0.9981268048286438,0.2806021869182586,0.959792137145996
fd514f56,node,32,501,0,0.002,0.0,128,10,128.0,3.0,,200,300,0.05,200,100,1.0,softplus,poisson,1.0,0.9027843475341796,0.9981268048286438,0.2806021869182586,0.959792137145996
4c2d6827,node,64,501,0,0.002,0.0,128,10,128.0,3.0,,200,300,0.05,200,100,1.0,softplus,poisson,1.0,0.7180652022361755,0.9954856038093568,0.2800202369689941,0.8801525235176086
4c2d6827,node,64,501,0,0.002,0.0,128,10,128.0,3.0,,200,300,0.05,200,100,1.0,softplus,poisson,1.0,0.7180652022361755,0.9954856038093568,0.2800202369689941,0.8801525235176086
7f66f908,gnode,3,500,0,0.002,0.0,128,10,64.0,3.0,torch.nn.functional.softplus,200,300,0.1,200,100,1.0,softplus,poisson,1.0,0.9708947539329528,0.9995175004005432,0.2808253467082977,0.9999578595161438
35c1a647,gnode,32,500,0,0.002,0.0,128,10,64.0,3.0,torch.nn.functional.softplus,200,300,0.1,200,100,1.0,softplus,poisson,1.0,0.874178409576416,0.9977057576179504,0.2804201245307922,0.9101433157920836
2ebdff45,gnode,5,500,0,0.002,0.0,128,10,64.0,3.0,torch.nn.functional.softplus,200,300,0.1,200,100,1.0,softplus,poisson,1.0,0.967900276184082,0.9994524717330932,0.2808143496513366,0.99980491399765
42f0c8e5,gnode,10,500,0,0.002,0.0,128,10,64.0,3.0,torch.nn.functional.softplus,200,300,0.1,200,100,1.0,softplus,poisson,1.0,0.965947151184082,0.9992822408676147,0.2807939648628235,0.9987382888793944
f5bb38d1,gnode,64,500,0,0.002,0.0,128,10,64.0,3.0,torch.nn.functional.softplus,200,300,0.1,200,100,1.0,softplus,poisson,1.0,0.7174471020698547,0.9955800771713256,0.2802580595016479,0.8281390070915222
c13a73bf,gnode,2,500,0,0.002,0.0,128,10,64.0,3.0,torch.nn.functional.softplus,200,300,0.1,200,100,1.0,softplus,poisson,1.0,0.9727010726928712,0.9986652731895448,0.2806069552898407,1.0
2ebdff45,gnode,5,500,0,0.002,0.0,128,10,64.0,3.0,torch.nn.functional.softplus,200,300,0.1,200,100,1.0,softplus,poisson,1.0,0.967900276184082,0.9994524717330932,0.2808143496513366,0.99980491399765
f5bb38d1,gnode,64,500,0,0.002,0.0,128,10,64.0,3.0,torch.nn.functional.softplus,200,300,0.1,200,100,1.0,softplus,poisson,1.0,0.7174471020698547,0.9955800771713256,0.2802580595016479,0.8281390070915222
35c1a647,gnode,32,500,0,0.002,0.0,128,10,64.0,3.0,torch.nn.functional.softplus,200,300,0.1,200,100,1.0,softplus,poisson,1.0,0.874178409576416,0.9977057576179504,0.2804201245307922,0.9101433157920836
c13a73bf,gnode,2,500,0,0.002,0.0,128,10,64.0,3.0,torch.nn.functional.softplus,200,300,0.1,200,100,1.0,softplus,poisson,1.0,0.9727010726928712,0.9986652731895448,0.2806069552898407,1.0
42f0c8e5,gnode,10,500,0,0.002,0.0,128,10,64.0,3.0,torch.nn.functional.softplus,200,300,0.1,200,100,1.0,softplus,poisson,1.0,0.965947151184082,0.9992822408676147,0.2807939648628235,0.9987382888793944
7f66f908,gnode,3,500,0,0.002,0.0,128,10,64.0,3.0,torch.nn.functional.softplus,200,300,0.1,200,100,1.0,softplus,poisson,1.0,0.9708947539329528,0.9995175004005432,0.2808253467082977,0.9999578595161438
eaa8c796,fr,64,500,0,0.0001,0.0001,128,10,,,torch.nn.functional.softplus,280,300,,280,20,1.0,softplus,poisson,1.0,0.6255236268043518,0.6329196095466614,0.1669293493032455,0.998440444469452
b15058d9,fr,32,500,0,0.0001,0.0001,128,10,,,torch.nn.functional.softplus,280,300,,280,20,1.0,softplus,poisson,1.0,0.5788335800170898,0.5988905429840088,0.1612207889556884,0.9976566433906556
83df3de8,fr,256,500,0,0.0001,0.0001,128,10,,,torch.nn.functional.softplus,280,300,,280,20,1.0,softplus,poisson,1.0,0.7795878052711487,0.7896033525466919,0.2106125056743621,0.9992743134498596
599d7410,fr,512,500,0,0.0001,0.0001,128,10,,,torch.nn.functional.softplus,280,300,,280,20,1.0,softplus,poisson,1.0,0.8236130475997925,0.6777319312095642,0.1718772202730178,0.9986116290092468
f9b9eed0,fr,32,501,0,0.0001,0.0001,128,10,,,torch.nn.functional.softplus,280,300,,280,20,1.0,softplus,poisson,1.0,0.2133953422307968,0.1652750968933105,0.0588911697268486,0.9981603622436525
d82cf1d3,fr,128,500,0,0.0001,0.0001,128,10,,,torch.nn.functional.softplus,280,300,,280,20,1.0,softplus,poisson,1.0,0.7142038941383362,0.6856412291526794,0.1810265928506851,0.9864735007286072
b15058d9,fr,32,500,0,0.0001,0.0001,128,10,,,torch.nn.functional.softplus,280,300,,280,20,1.0,softplus,poisson,1.0,0.5788335800170898,0.5988905429840088,0.1612207889556884,0.9976566433906556
83df3de8,fr,256,500,0,0.0001,0.0001,128,10,,,torch.nn.functional.softplus,280,300,,280,20,1.0,softplus,poisson,1.0,0.7795878052711487,0.7896033525466919,0.2106125056743621,0.9992743134498596
eaa8c796,fr,64,500,0,0.0001,0.0001,128,10,,,torch.nn.functional.softplus,280,300,,280,20,1.0,softplus,poisson,1.0,0.6255236268043518,0.6329196095466614,0.1669293493032455,0.998440444469452
d82cf1d3,fr,128,500,0,0.0001,0.0001,128,10,,,torch.nn.functional.softplus,280,300,,280,20,1.0,softplus,poisson,1.0,0.7142038941383362,0.6856412291526794,0.1810265928506851,0.9864735007286072
599d7410,fr,512,500,0,0.0001,0.0001,128,10,,,torch.nn.functional.softplus,280,300,,280,20,1.0,softplus,poisson,1.0,0.8236130475997925,0.6777319312095642,0.1718772202730178,0.9986116290092468
f9b9eed0,fr,32,501,0,0.0001,0.0001,128,10,,,torch.nn.functional.softplus,280,300,,280,20,1.0,softplus,poisson,1.0,0.2133953422307968,0.1652750968933105,0.0588911697268486,0.9981603622436525
6496136e,fr,64,501,0,0.0001,0.0001,128,10,,,torch.nn.functional.softplus,280,300,,280,20,1.0,softplus,poisson,1.0,0.2348289936780929,0.1284774392843246,0.0520727336406707,0.9988549947738647
6496136e,fr,64,501,0,0.0001,0.0001,128,10,,,torch.nn.functional.softplus,280,300,,280,20,1.0,softplus,poisson,1.0,0.2348289936780929,0.1284774392843246,0.0520727336406707,0.9988549947738647
5d123f08,fr,128,501,0,0.0001,0.0001,128,10,,,torch.nn.functional.softplus,280,300,,280,20,1.0,softplus,poisson,1.0,0.7911256551742554,0.6696863770484924,0.1721293628215789,0.9836610555648804
5d123f08,fr,128,501,0,0.0001,0.0001,128,10,,,torch.nn.functional.softplus,280,300,,280,20,1.0,softplus,poisson,1.0,0.7911256551742554,0.6696863770484924,0.1721293628215789,0.9836610555648804
39ca03fc,fr,256,501,0,0.0001,0.0001,128,10,,,torch.nn.functional.softplus,280,300,,280,20,1.0,softplus,poisson,1.0,0.8328023552894592,0.8024151921272278,0.2117870301008224,0.999091863632202
39ca03fc,fr,256,501,0,0.0001,0.0001,128,10,,,torch.nn.functional.softplus,280,300,,280,20,1.0,softplus,poisson,1.0,0.8328023552894592,0.8024151921272278,0.2117870301008224,0.999091863632202
5e371ba8,fr,512,501,0,0.0001,0.0001,128,10,,,torch.nn.functional.softplus,280,300,,280,20,1.0,softplus,poisson,1.0,0.7923997640609741,0.6724146008491516,0.183385357260704,0.9988802671432496
5e371ba8,fr,512,501,0,0.0001,0.0001,128,10,,,torch.nn.functional.softplus,280,300,,280,20,1.0,softplus,poisson,1.0,0.7923997640609741,0.6724146008491516,0.183385357260704,0.9988802671432496
536c050b,gnode,32,500,0,0.002,0.0,128,10,64.0,3.0,torch.nn.functional.softplus,280,300,0.1,280,20,1.0,softplus,poisson,1.0,0.887793242931366,0.9966731071472168,0.2805096507072449,0.9062629342079164
87244eb0,gnode,5,500,0,0.002,0.0,128,10,64.0,3.0,torch.nn.functional.softplus,280,300,0.1,280,20,1.0,softplus,poisson,1.0,0.9683173298835754,0.9995840191841124,0.2812646627426147,0.9994347095489502
3d41d2b1,gnode,3,500,0,0.002,0.0,128,10,64.0,3.0,torch.nn.functional.softplus,280,300,0.1,280,20,1.0,softplus,poisson,1.0,0.971089243888855,0.9983477592468262,0.280860424041748,0.9999595284461976
7c029f3f,gnode,64,500,0,0.002,0.0,128,10,64.0,3.0,torch.nn.functional.softplus,280,300,0.1,280,20,1.0,softplus,poisson,1.0,0.7234116196632385,0.995337724685669,0.2803028225898742,0.7959923148155212
3a1c93f5,gnode,10,500,0,0.002,0.0,128,10,64.0,3.0,torch.nn.functional.softplus,280,300,0.1,280,20,1.0,softplus,poisson,1.0,0.9623316526412964,0.9986755847930908,0.2807846367359161,0.9989804625511168
99eb3cdc,gnode,2,500,0,0.002,0.0,128,10,64.0,3.0,torch.nn.functional.softplus,280,300,0.1,280,20,1.0,softplus,poisson,1.0,0.9716090559959412,0.996302366256714,0.2804002165794372,1.0
99eb3cdc,gnode,2,500,0,0.002,0.0,128,10,64.0,3.0,torch.nn.functional.softplus,280,300,0.1,280,20,1.0,softplus,poisson,1.0,0.9716090559959412,0.996302366256714,0.2804002165794372,1.0
3a1c93f5,gnode,10,500,0,0.002,0.0,128,10,64.0,3.0,torch.nn.functional.softplus,280,300,0.1,280,20,1.0,softplus,poisson,1.0,0.9623316526412964,0.9986755847930908,0.2807846367359161,0.9989804625511168
87244eb0,gnode,5,500,0,0.002,0.0,128,10,64.0,3.0,torch.nn.functional.softplus,280,300,0.1,280,20,1.0,softplus,poisson,1.0,0.9683173298835754,0.9995840191841124,0.2812646627426147,0.9994347095489502
7c029f3f,gnode,64,500,0,0.002,0.0,128,10,64.0,3.0,torch.nn.functional.softplus,280,300,0.1,280,20,1.0,softplus,poisson,1.0,0.7234116196632385,0.995337724685669,0.2803028225898742,0.7959923148155212
3d41d2b1,gnode,3,500,0,0.002,0.0,128,10,64.0,3.0,torch.nn.functional.softplus,280,300,0.1,280,20,1.0,softplus,poisson,1.0,0.971089243888855,0.9983477592468262,0.280860424041748,0.9999595284461976
536c050b,gnode,32,500,0,0.002,0.0,128,10,64.0,3.0,torch.nn.functional.softplus,280,300,0.1,280,20,1.0,softplus,poisson,1.0,0.887793242931366,0.9966731071472168,0.2805096507072449,0.9062629342079164
c7a1b705,gnode,2,501,0,0.002,0.0,128,10,64.0,3.0,torch.nn.functional.softplus,280,300,0.1,280,20,1.0,softplus,poisson,1.0,0.9713622331619264,0.9981374740600586,0.280917078256607,1.0
c7a1b705,gnode,2,501,0,0.002,0.0,128,10,64.0,3.0,torch.nn.functional.softplus,280,300,0.1,280,20,1.0,softplus,poisson,1.0,0.9713622331619264,0.9981374740600586,0.280917078256607,1.0
d00662c5,gnode,3,501,0,0.002,0.0,128,10,64.0,3.0,torch.nn.functional.softplus,280,300,0.1,280,20,1.0,softplus,poisson,1.0,0.9672160744667052,0.9861118793487548,0.2774620950222015,0.9999520778656006
d00662c5,gnode,3,501,0,0.002,0.0,128,10,64.0,3.0,torch.nn.functional.softplus,280,300,0.1,280,20,1.0,softplus,poisson,1.0,0.9672160744667052,0.9861118793487548,0.2774620950222015,0.9999520778656006
b8751e26,gnode,5,501,0,0.002,0.0,128,10,64.0,3.0,torch.nn.functional.softplus,280,300,0.1,280,20,1.0,softplus,poisson,1.0,0.968692421913147,0.9996195435523988,0.2812703251838684,0.999441146850586
b6e5db47,gnode,10,501,0,0.002,0.0,128,10,64.0,3.0,torch.nn.functional.softplus,280,300,0.1,280,20,1.0,softplus,poisson,1.0,0.9654141068458556,0.997208297252655,0.2804235816001892,0.998903512954712
b8751e26,gnode,5,501,0,0.002,0.0,128,10,64.0,3.0,torch.nn.functional.softplus,280,300,0.1,280,20,1.0,softplus,poisson,1.0,0.968692421913147,0.9996195435523988,0.2812703251838684,0.999441146850586
b6e5db47,gnode,10,501,0,0.002,0.0,128,10,64.0,3.0,torch.nn.functional.softplus,280,300,0.1,280,20,1.0,softplus,poisson,1.0,0.9654141068458556,0.997208297252655,0.2804235816001892,0.998903512954712
83c15e0b,gnode,32,501,0,0.002,0.0,128,10,64.0,3.0,torch.nn.functional.softplus,280,300,0.1,280,20,1.0,softplus,poisson,1.0,0.8868988156318665,0.9977246522903442,0.2807656824588775,0.9031214714050292
83c15e0b,gnode,32,501,0,0.002,0.0,128,10,64.0,3.0,torch.nn.functional.softplus,280,300,0.1,280,20,1.0,softplus,poisson,1.0,0.8868988156318665,0.9977246522903442,0.2807656824588775,0.9031214714050292
64358cd7,gnode,64,501,0,0.002,0.0,128,10,64.0,3.0,torch.nn.functional.softplus,280,300,0.1,280,20,1.0,softplus,poisson,1.0,0.720819354057312,0.9953099489212036,0.2802720069885254,0.7943689227104187
64358cd7,gnode,64,501,0,0.002,0.0,128,10,64.0,3.0,torch.nn.functional.softplus,280,300,0.1,280,20,1.0,softplus,poisson,1.0,0.720819354057312,0.9953099489212036,0.2802720069885254,0.7943689227104187
5be79c3c,node,32,500,0,0.002,0.0,128,10,128.0,3.0,torch.nn.functional.softplus,250,300,0.05,250,50,1.0,softplus,poisson,1.0,0.8997061252593994,0.9965906739234924,0.2801070809364319,0.9579207301139832
7d37cc9b,node,5,500,0,0.002,0.0,128,10,128.0,3.0,torch.nn.functional.softplus,250,300,0.05,250,50,1.0,softplus,poisson,1.0,0.9696622490882874,0.9995511174201964,0.2808457911014557,0.9998872876167296
91a47db1,node,10,500,0,0.002,0.0,128,10,128.0,3.0,torch.nn.functional.softplus,250,300,0.05,250,50,1.0,softplus,poisson,1.0,0.965967297554016,0.9994325041770936,0.2808278799057007,0.9988453388214112
188ab288,node,3,500,0,0.002,0.0,128,10,128.0,3.0,torch.nn.functional.softplus,250,300,0.05,250,50,1.0,softplus,poisson,1.0,0.9660627841949464,0.9990898370742798,0.2807103097438812,0.9999852180480956
7a31afc2,node,2,500,0,0.002,0.0,128,10,128.0,3.0,torch.nn.functional.softplus,250,300,0.05,250,50,1.0,softplus,poisson,1.0,0.9714315533638,0.9995245933532716,0.2808234691619873,1.0
5be79c3c,node,32,500,0,0.002,0.0,128,10,128.0,3.0,torch.nn.functional.softplus,250,300,0.05,250,50,1.0,softplus,poisson,1.0,0.8997061252593994,0.9965906739234924,0.2801070809364319,0.9579207301139832
7d37cc9b,node,5,500,0,0.002,0.0,128,10,128.0,3.0,torch.nn.functional.softplus,250,300,0.05,250,50,1.0,softplus,poisson,1.0,0.9696622490882874,0.9995511174201964,0.2808457911014557,0.9998872876167296
188ab288,node,3,500,0,0.002,0.0,128,10,128.0,3.0,torch.nn.functional.softplus,250,300,0.05,250,50,1.0,softplus,poisson,1.0,0.9660627841949464,0.9990898370742798,0.2807103097438812,0.9999852180480956
91a47db1,node,10,500,0,0.002,0.0,128,10,128.0,3.0,torch.nn.functional.softplus,250,300,0.05,250,50,1.0,softplus,poisson,1.0,0.965967297554016,0.9994325041770936,0.2808278799057007,0.9988453388214112
7a31afc2,node,2,500,0,0.002,0.0,128,10,128.0,3.0,torch.nn.functional.softplus,250,300,0.05,250,50,1.0,softplus,poisson,1.0,0.9714315533638,0.9995245933532716,0.2808234691619873,1.0
5d4dfe4a,node,64,500,0,0.002,0.0,128,10,128.0,3.0,torch.nn.functional.softplus,250,300,0.05,250,50,1.0,softplus,poisson,1.0,0.7168197631835938,0.9931938648223876,0.2792350351810455,0.8714632391929626
5d4dfe4a,node,64,500,0,0.002,0.0,128,10,128.0,3.0,torch.nn.functional.softplus,250,300,0.05,250,50,1.0,softplus,poisson,1.0,0.7168197631835938,0.9931938648223876,0.2792350351810455,0.8714632391929626
49e261a4,node,2,500,0,0.002,0.0,128,10,128.0,3.0,,250,300,0.05,250,50,1.0,softplus,poisson,1.0,0.971430480480194,0.9995233416557312,0.28082275390625,1.0
49e261a4,node,2,500,0,0.002,0.0,128,10,128.0,3.0,,250,300,0.05,250,50,1.0,softplus,poisson,1.0,0.971430480480194,0.9995233416557312,0.28082275390625,1.0
d427903d,node,3,500,0,0.002,0.0,128,10,128.0,3.0,,250,300,0.05,250,50,1.0,softplus,poisson,1.0,0.9660628437995912,0.999089241027832,0.2807097733020782,0.9999850988388062
d427903d,node,3,500,0,0.002,0.0,128,10,128.0,3.0,,250,300,0.05,250,50,1.0,softplus,poisson,1.0,0.9660628437995912,0.999089241027832,0.2807097733020782,0.9999850988388062
5f1af55e,node,5,500,0,0.002,0.0,128,10,128.0,3.0,,250,300,0.05,250,50,1.0,softplus,poisson,1.0,0.9696626663208008,0.9995505809783936,0.2808464765548706,0.9998862743377686
5f1af55e,node,5,500,0,0.002,0.0,128,10,128.0,3.0,,250,300,0.05,250,50,1.0,softplus,poisson,1.0,0.9696626663208008,0.9995505809783936,0.2808464765548706,0.9998862743377686
b5390459,node,10,500,0,0.002,0.0,128,10,128.0,3.0,,250,300,0.05,250,50,1.0,softplus,poisson,1.0,0.9659590125083924,0.9994311332702636,0.2808270156383514,0.998833179473877
b5390459,node,10,500,0,0.002,0.0,128,10,128.0,3.0,,250,300,0.05,250,50,1.0,softplus,poisson,1.0,0.9659590125083924,0.9994311332702636,0.2808270156383514,0.998833179473877
964dd9a7,node,32,500,0,0.002,0.0,128,10,128.0,3.0,,250,300,0.05,250,50,1.0,softplus,poisson,1.0,0.899824321269989,0.9965834617614746,0.2801099121570587,0.9579159617424012
964dd9a7,node,32,500,0,0.002,0.0,128,10,128.0,3.0,,250,300,0.05,250,50,1.0,softplus,poisson,1.0,0.899824321269989,0.9965834617614746,0.2801099121570587,0.9579159617424012
02a69630,node,64,500,0,0.002,0.0,128,10,128.0,3.0,,250,300,0.05,250,50,1.0,softplus,poisson,1.0,0.7165733575820923,0.9931859970092772,0.279237151145935,0.8724942803382874
02a69630,node,64,500,0,0.002,0.0,128,10,128.0,3.0,,250,300,0.05,250,50,1.0,softplus,poisson,1.0,0.7165733575820923,0.9931859970092772,0.279237151145935,0.8724942803382874
106f9119,node,2,501,0,0.002,0.0,128,10,128.0,3.0,torch.nn.functional.softplus,250,300,0.05,250,50,1.0,softplus,poisson,1.0,0.9720881581306458,0.9985615015029908,0.2805323898792267,1.0
106f9119,node,2,501,0,0.002,0.0,128,10,128.0,3.0,torch.nn.functional.softplus,250,300,0.05,250,50,1.0,softplus,poisson,1.0,0.9720881581306458,0.9985615015029908,0.2805323898792267,1.0
2c321edb,node,3,501,0,0.002,0.0,128,10,128.0,3.0,torch.nn.functional.softplus,250,300,0.05,250,50,1.0,softplus,poisson,1.0,0.96808660030365,0.9975720047950744,0.2804169058799743,0.9999824166297911
2c321edb,node,3,501,0,0.002,0.0,128,10,128.0,3.0,torch.nn.functional.softplus,250,300,0.05,250,50,1.0,softplus,poisson,1.0,0.96808660030365,0.9975720047950744,0.2804169058799743,0.9999824166297911
fd988c4f,node,5,501,0,0.002,0.0,128,10,128.0,3.0,torch.nn.functional.softplus,250,300,0.05,250,50,1.0,softplus,poisson,1.0,0.9682257175445556,0.9995442628860474,0.2808381617069244,0.9998759031295776
fd988c4f,node,5,501,0,0.002,0.0,128,10,128.0,3.0,torch.nn.functional.softplus,250,300,0.05,250,50,1.0,softplus,poisson,1.0,0.9682257175445556,0.9995442628860474,0.2808381617069244,0.9998759031295776
baf7dedf,node,10,501,0,0.002,0.0,128,10,128.0,3.0,torch.nn.functional.softplus,250,300,0.05,250,50,1.0,softplus,poisson,1.0,0.9642370343208312,0.9994179010391236,0.280816912651062,0.998860239982605
baf7dedf,node,10,501,0,0.002,0.0,128,10,128.0,3.0,torch.nn.functional.softplus,250,300,0.05,250,50,1.0,softplus,poisson,1.0,0.9642370343208312,0.9994179010391236,0.280816912651062,0.998860239982605
72a3d0b9,node,32,501,0,0.002,0.0,128,10,128.0,3.0,torch.nn.functional.softplus,250,300,0.05,250,50,1.0,softplus,poisson,1.0,0.9022522568702698,0.9981980919837952,0.2805911600589752,0.961766242980957
72a3d0b9,node,32,501,0,0.002,0.0,128,10,128.0,3.0,torch.nn.functional.softplus,250,300,0.05,250,50,1.0,softplus,poisson,1.0,0.9022522568702698,0.9981980919837952,0.2805911600589752,0.961766242980957
04e7df0e,node,64,501,0,0.002,0.0,128,10,128.0,3.0,torch.nn.functional.softplus,250,300,0.05,250,50,1.0,softplus,poisson,1.0,0.6873401999473572,0.9947478771209716,0.2798262536525726,0.8436776995658875
1a17da42,node,2,501,0,0.002,0.0,128,10,128.0,3.0,,250,300,0.05,250,50,1.0,softplus,poisson,1.0,0.9720842838287354,0.998561680316925,0.2805314660072326,1.0
1a17da42,node,2,501,0,0.002,0.0,128,10,128.0,3.0,,250,300,0.05,250,50,1.0,softplus,poisson,1.0,0.9720842838287354,0.998561680316925,0.2805314660072326,1.0
04e7df0e,node,64,501,0,0.002,0.0,128,10,128.0,3.0,torch.nn.functional.softplus,250,300,0.05,250,50,1.0,softplus,poisson,1.0,0.6873401999473572,0.9947478771209716,0.2798262536525726,0.8436776995658875
a4d81a60,node,3,501,0,0.002,0.0,128,10,128.0,3.0,,250,300,0.05,250,50,1.0,softplus,poisson,1.0,0.9680830240249634,0.9975717067718506,0.2804167568683624,0.9999824166297911
a4d81a60,node,3,501,0,0.002,0.0,128,10,128.0,3.0,,250,300,0.05,250,50,1.0,softplus,poisson,1.0,0.9680830240249634,0.9975717067718506,0.2804167568683624,0.9999824166297911
357597a4,node,5,501,0,0.002,0.0,128,10,128.0,3.0,,250,300,0.05,250,50,1.0,softplus,poisson,1.0,0.9682249426841736,0.9995454549789428,0.2808383405208587,0.9998754858970642
357597a4,node,5,501,0,0.002,0.0,128,10,128.0,3.0,,250,300,0.05,250,50,1.0,softplus,poisson,1.0,0.9682249426841736,0.9995454549789428,0.2808383405208587,0.9998754858970642
3b63a68e,node,10,501,0,0.002,0.0,128,10,128.0,3.0,,250,300,0.05,250,50,1.0,softplus,poisson,1.0,0.9642202258110046,0.9994162321090698,0.2808144390583038,0.9988460540771484
3b63a68e,node,10,501,0,0.002,0.0,128,10,128.0,3.0,,250,300,0.05,250,50,1.0,softplus,poisson,1.0,0.9642202258110046,0.9994162321090698,0.2808144390583038,0.9988460540771484
6a406145,node,32,501,0,0.002,0.0,128,10,128.0,3.0,,250,300,0.05,250,50,1.0,softplus,poisson,1.0,0.9028660655021667,0.9981966614723206,0.280588150024414,0.962413728237152
6a406145,node,32,501,0,0.002,0.0,128,10,128.0,3.0,,250,300,0.05,250,50,1.0,softplus,poisson,1.0,0.9028660655021667,0.9981966614723206,0.280588150024414,0.962413728237152
1e9588f2,node,64,501,0,0.002,0.0,128,10,128.0,3.0,,250,300,0.05,250,50,1.0,softplus,poisson,1.0,0.6881755590438843,0.9947783946990968,0.2798425257205963,0.843368649482727
1e9588f2,node,64,501,0,0.002,0.0,128,10,128.0,3.0,,250,300,0.05,250,50,1.0,softplus,poisson,1.0,0.6881755590438843,0.9947783946990968,0.2798425257205963,0.843368649482727
849e5565,fr,256,500,0,0.0001,0.0001,128,10,,,torch.nn.functional.softplus,200,300,,200,100,1.0,softplus,poisson,1.0,0.843049943447113,0.8201675415039062,0.2168803513050079,0.999192237854004
87cad0a3,fr,32,500,0,0.0001,0.0001,128,10,,,,200,300,,200,100,1.0,softplus,poisson,1.0,0.4486900568008423,0.4855684340000152,0.1336985975503921,0.9966529607772828
3cdf23ce,fr,32,500,0,0.0001,0.0001,128,10,,,torch.nn.functional.softplus,200,300,,200,100,1.0,softplus,poisson,1.0,0.4608946442604065,0.4962675869464874,0.136249154806137,0.9966405630111694
95e869f5,fr,512,500,0,0.0001,0.0001,128,10,,,torch.nn.functional.softplus,200,300,,200,100,1.0,softplus,poisson,1.0,0.8445248007774353,0.7889226078987122,0.2053090780973434,0.9989442229270936
4c485089,fr,64,500,0,0.0001,0.0001,128,10,,,torch.nn.functional.softplus,200,300,,200,100,1.0,softplus,poisson,1.0,0.0388331599533557,-0.6067719459533691,-0.1200418174266815,0.9987878203392028
3d84f657,fr,128,500,0,0.0001,0.0001,128,10,,,torch.nn.functional.softplus,200,300,,200,100,1.0,softplus,poisson,1.0,0.7416808009147644,0.610291600227356,0.1553253382444381,0.9758242964744568
849e5565,fr,256,500,0,0.0001,0.0001,128,10,,,torch.nn.functional.softplus,200,300,,200,100,1.0,softplus,poisson,1.0,0.843049943447113,0.8201675415039062,0.2168803513050079,0.999192237854004
87cad0a3,fr,32,500,0,0.0001,0.0001,128,10,,,,200,300,,200,100,1.0,softplus,poisson,1.0,0.4486900568008423,0.4855684340000152,0.1336985975503921,0.9966529607772828
95e869f5,fr,512,500,0,0.0001,0.0001,128,10,,,torch.nn.functional.softplus,200,300,,200,100,1.0,softplus,poisson,1.0,0.8445248007774353,0.7889226078987122,0.2053090780973434,0.9989442229270936
3cdf23ce,fr,32,500,0,0.0001,0.0001,128,10,,,torch.nn.functional.softplus,200,300,,200,100,1.0,softplus,poisson,1.0,0.4608946442604065,0.4962675869464874,0.136249154806137,0.9966405630111694
4c485089,fr,64,500,0,0.0001,0.0001,128,10,,,torch.nn.functional.softplus,200,300,,200,100,1.0,softplus,poisson,1.0,0.0388331599533557,-0.6067719459533691,-0.1200418174266815,0.9987878203392028
3d84f657,fr,128,500,0,0.0001,0.0001,128,10,,,torch.nn.functional.softplus,200,300,,200,100,1.0,softplus,poisson,1.0,0.7416808009147644,0.610291600227356,0.1553253382444381,0.9758242964744568
1f5ba8c6,fr,64,500,0,0.0001,0.0001,128,10,,,,200,300,,200,100,1.0,softplus,poisson,1.0,0.0375323481857776,-0.612830400466919,-0.1213950142264366,0.9987872242927552
27ea651f,fr,512,500,0,0.0001,0.0001,128,10,,,,200,300,,200,100,1.0,softplus,poisson,1.0,0.8445260524749756,0.7889217734336853,0.205308735370636,0.9989442229270936
1f5ba8c6,fr,64,500,0,0.0001,0.0001,128,10,,,,200,300,,200,100,1.0,softplus,poisson,1.0,0.0375323481857776,-0.612830400466919,-0.1213950142264366,0.9987872242927552
27ea651f,fr,512,500,0,0.0001,0.0001,128,10,,,,200,300,,200,100,1.0,softplus,poisson,1.0,0.8445260524749756,0.7889217734336853,0.205308735370636,0.9989442229270936
ac2cd44c,fr,128,500,0,0.0001,0.0001,128,10,,,,200,300,,200,100,1.0,softplus,poisson,1.0,0.7417308688163757,0.6104369759559631,0.1553639322519302,0.9758235216140748
51898186,fr,256,500,0,0.0001,0.0001,128,10,,,,200,300,,200,100,1.0,softplus,poisson,1.0,0.8430505394935608,0.8201678991317749,0.2168805301189422,0.999192237854004
ac2cd44c,fr,128,500,0,0.0001,0.0001,128,10,,,,200,300,,200,100,1.0,softplus,poisson,1.0,0.7417308688163757,0.6104369759559631,0.1553639322519302,0.9758235216140748
51898186,fr,256,500,0,0.0001,0.0001,128,10,,,,200,300,,200,100,1.0,softplus,poisson,1.0,0.8430505394935608,0.8201678991317749,0.2168805301189422,0.999192237854004
2650a493,fr,32,501,0,0.0001,0.0001,128,10,,,torch.nn.functional.softplus,200,300,,200,100,1.0,softplus,poisson,1.0,0.6092367172241211,0.6214057803153992,0.1653448641300201,0.996290922164917
2650a493,fr,32,501,0,0.0001,0.0001,128,10,,,torch.nn.functional.softplus,200,300,,200,100,1.0,softplus,poisson,1.0,0.6092367172241211,0.6214057803153992,0.1653448641300201,0.996290922164917
472d76b9,fr,64,501,0,0.0001,0.0001,128,10,,,torch.nn.functional.softplus,200,300,,200,100,1.0,softplus,poisson,1.0,0.5982100963592529,0.5908967852592468,0.1563209742307663,0.9983456134796144
472d76b9,fr,64,501,0,0.0001,0.0001,128,10,,,torch.nn.functional.softplus,200,300,,200,100,1.0,softplus,poisson,1.0,0.5982100963592529,0.5908967852592468,0.1563209742307663,0.9983456134796144
d12d0fcb,fr,128,501,0,0.0001,0.0001,128,10,,,torch.nn.functional.softplus,200,300,,200,100,1.0,softplus,poisson,1.0,0.7996187210083008,0.7069584131240845,0.1824424862861633,0.9792741537094116
d12d0fcb,fr,128,501,0,0.0001,0.0001,128,10,,,torch.nn.functional.softplus,200,300,,200,100,1.0,softplus,poisson,1.0,0.7996187210083008,0.7069584131240845,0.1824424862861633,0.9792741537094116
59aafcad,fr,256,501,0,0.0001,0.0001,128,10,,,torch.nn.functional.softplus,200,300,,200,100,1.0,softplus,poisson,1.0,0.8123236894607544,0.7922918200492859,0.2176215201616287,0.9994009733200072
59aafcad,fr,256,501,0,0.0001,0.0001,128,10,,,torch.nn.functional.softplus,200,300,,200,100,1.0,softplus,poisson,1.0,0.8123236894607544,0.7922918200492859,0.2176215201616287,0.9994009733200072
ff5116ad,fr,512,501,0,0.0001,0.0001,128,10,,,torch.nn.functional.softplus,200,300,,200,100,1.0,softplus,poisson,1.0,0.8192095160484314,0.8074110150337219,0.2157201766967773,0.9993273019790648
ff5116ad,fr,512,501,0,0.0001,0.0001,128,10,,,torch.nn.functional.softplus,200,300,,200,100,1.0,softplus,poisson,1.0,0.8192095160484314,0.8074110150337219,0.2157201766967773,0.9993273019790648
0517d079,fr,32,501,0,0.0001,0.0001,128,10,,,,200,300,,200,100,1.0,softplus,poisson,1.0,0.6090940237045288,0.6214048266410828,0.1653441488742828,0.9962905645370485
0517d079,fr,32,501,0,0.0001,0.0001,128,10,,,,200,300,,200,100,1.0,softplus,poisson,1.0,0.6090940237045288,0.6214048266410828,0.1653441488742828,0.9962905645370485
d1e41d15,fr,64,501,0,0.0001,0.0001,128,10,,,,200,300,,200,100,1.0,softplus,poisson,1.0,0.5982545614242554,0.5908766388893127,0.1563149541616439,0.998345911502838
d1e41d15,fr,64,501,0,0.0001,0.0001,128,10,,,,200,300,,200,100,1.0,softplus,poisson,1.0,0.5982545614242554,0.5908766388893127,0.1563149541616439,0.998345911502838
5cc314ac,fr,128,501,0,0.0001,0.0001,128,10,,,,200,300,,200,100,1.0,softplus,poisson,1.0,0.799497663974762,0.7069991827011108,0.1824564784765243,0.97927325963974
5cc314ac,fr,128,501,0,0.0001,0.0001,128,10,,,,200,300,,200,100,1.0,softplus,poisson,1.0,0.799497663974762,0.7069991827011108,0.1824564784765243,0.97927325963974
9cfa68af,fr,256,501,0,0.0001,0.0001,128,10,,,,200,300,,200,100,1.0,softplus,poisson,1.0,0.8123427629470825,0.7923110127449036,0.2176269888877868,0.9994010925292968
9cfa68af,fr,256,501,0,0.0001,0.0001,128,10,,,,200,300,,200,100,1.0,softplus,poisson,1.0,0.8123427629470825,0.7923110127449036,0.2176269888877868,0.9994010925292968
822fb8eb,fr,512,501,0,0.0001,0.0001,128,10,,,,200,300,,200,100,1.0,softplus,poisson,1.0,0.819209098815918,0.8074111938476562,0.2157198339700698,0.9993273019790648
822fb8eb,fr,512,501,0,0.0001,0.0001,128,10,,,,200,300,,200,100,1.0,softplus,poisson,1.0,0.819209098815918,0.8074111938476562,0.2157198339700698,0.9993273019790648
89b1f3f9,fr,32,500,0,0.0001,0.0001,128,10,,,,280,300,,280,20,1.0,softplus,poisson,1.0,0.5771424174308777,0.5979247689247131,0.1609934270381927,0.997658908367157
83df3de8,fr,256,500,0,0.0001,0.0001,128,10,,,torch.nn.functional.softplus,280,300,,280,20,1.0,softplus,poisson,1.0,0.7795878052711487,0.7896033525466919,0.2106125056743621,0.9992743134498596
599d7410,fr,512,500,0,0.0001,0.0001,128,10,,,torch.nn.functional.softplus,280,300,,280,20,1.0,softplus,poisson,1.0,0.8236130475997925,0.6777319312095642,0.1718772202730178,0.9986116290092468
b15058d9,fr,32,500,0,0.0001,0.0001,128,10,,,torch.nn.functional.softplus,280,300,,280,20,1.0,softplus,poisson,1.0,0.5788335800170898,0.5988905429840088,0.1612207889556884,0.9976566433906556
eaa8c796,fr,64,500,0,0.0001,0.0001,128,10,,,torch.nn.functional.softplus,280,300,,280,20,1.0,softplus,poisson,1.0,0.6255236268043518,0.6329196095466614,0.1669293493032455,0.998440444469452
d82cf1d3,fr,128,500,0,0.0001,0.0001,128,10,,,torch.nn.functional.softplus,280,300,,280,20,1.0,softplus,poisson,1.0,0.7142038941383362,0.6856412291526794,0.1810265928506851,0.9864735007286072
b15058d9,fr,32,500,0,0.0001,0.0001,128,10,,,torch.nn.functional.softplus,280,300,,280,20,1.0,softplus,poisson,1.0,0.5788335800170898,0.5988905429840088,0.1612207889556884,0.9976566433906556
599d7410,fr,512,500,0,0.0001,0.0001,128,10,,,torch.nn.functional.softplus,280,300,,280,20,1.0,softplus,poisson,1.0,0.8236130475997925,0.6777319312095642,0.1718772202730178,0.9986116290092468
89b1f3f9,fr,32,500,0,0.0001,0.0001,128,10,,,,280,300,,280,20,1.0,softplus,poisson,1.0,0.5771424174308777,0.5979247689247131,0.1609934270381927,0.997658908367157
eaa8c796,fr,64,500,0,0.0001,0.0001,128,10,,,torch.nn.functional.softplus,280,300,,280,20,1.0,softplus,poisson,1.0,0.6255236268043518,0.6329196095466614,0.1669293493032455,0.998440444469452
83df3de8,fr,256,500,0,0.0001,0.0001,128,10,,,torch.nn.functional.softplus,280,300,,280,20,1.0,softplus,poisson,1.0,0.7795878052711487,0.7896033525466919,0.2106125056743621,0.9992743134498596
d82cf1d3,fr,128,500,0,0.0001,0.0001,128,10,,,torch.nn.functional.softplus,280,300,,280,20,1.0,softplus,poisson,1.0,0.7142038941383362,0.6856412291526794,0.1810265928506851,0.9864735007286072
33ca4f70,fr,64,500,0,0.0001,0.0001,128,10,,,,280,300,,280,20,1.0,softplus,poisson,1.0,0.6250196099281311,0.632673442363739,0.1668404638767242,0.998436689376831
33ca4f70,fr,64,500,0,0.0001,0.0001,128,10,,,,280,300,,280,20,1.0,softplus,poisson,1.0,0.6250196099281311,0.632673442363739,0.1668404638767242,0.998436689376831
06a69627,fr,128,500,0,0.0001,0.0001,128,10,,,,280,300,,280,20,1.0,softplus,poisson,1.0,0.7137065529823303,0.6852730512619019,0.1809323877096176,0.9864397644996644
06a69627,fr,128,500,0,0.0001,0.0001,128,10,,,,280,300,,280,20,1.0,softplus,poisson,1.0,0.7137065529823303,0.6852730512619019,0.1809323877096176,0.9864397644996644
73cbffdb,fr,256,500,0,0.0001,0.0001,128,10,,,,280,300,,280,20,1.0,softplus,poisson,1.0,0.7795798182487488,0.7896021008491516,0.210611805319786,0.9992744326591492
73cbffdb,fr,256,500,0,0.0001,0.0001,128,10,,,,280,300,,280,20,1.0,softplus,poisson,1.0,0.7795798182487488,0.7896021008491516,0.210611805319786,0.9992744326591492
a50396c9,fr,512,500,0,0.0001,0.0001,128,10,,,,280,300,,280,20,1.0,softplus,poisson,1.0,0.8236170411109924,0.6777324080467224,0.1718772202730178,0.9986116290092468
a50396c9,fr,512,500,0,0.0001,0.0001,128,10,,,,280,300,,280,20,1.0,softplus,poisson,1.0,0.8236170411109924,0.6777324080467224,0.1718772202730178,0.9986116290092468
f9b9eed0,fr,32,501,0,0.0001,0.0001,128,10,,,torch.nn.functional.softplus,280,300,,280,20,1.0,softplus,poisson,1.0,0.2133953422307968,0.1652750968933105,0.0588911697268486,0.9981603622436525
f9b9eed0,fr,32,501,0,0.0001,0.0001,128,10,,,torch.nn.functional.softplus,280,300,,280,20,1.0,softplus,poisson,1.0,0.2133953422307968,0.1652750968933105,0.0588911697268486,0.9981603622436525
6496136e,fr,64,501,0,0.0001,0.0001,128,10,,,torch.nn.functional.softplus,280,300,,280,20,1.0,softplus,poisson,1.0,0.2348289936780929,0.1284774392843246,0.0520727336406707,0.9988549947738647
6496136e,fr,64,501,0,0.0001,0.0001,128,10,,,torch.nn.functional.softplus,280,300,,280,20,1.0,softplus,poisson,1.0,0.2348289936780929,0.1284774392843246,0.0520727336406707,0.9988549947738647
5d123f08,fr,128,501,0,0.0001,0.0001,128,10,,,torch.nn.functional.softplus,280,300,,280,20,1.0,softplus,poisson,1.0,0.7911256551742554,0.6696863770484924,0.1721293628215789,0.9836610555648804
5d123f08,fr,128,501,0,0.0001,0.0001,128,10,,,torch.nn.functional.softplus,280,300,,280,20,1.0,softplus,poisson,1.0,0.7911256551742554,0.6696863770484924,0.1721293628215789,0.9836610555648804
39ca03fc,fr,256,501,0,0.0001,0.0001,128,10,,,torch.nn.functional.softplus,280,300,,280,20,1.0,softplus,poisson,1.0,0.8328023552894592,0.8024151921272278,0.2117870301008224,0.999091863632202
39ca03fc,fr,256,501,0,0.0001,0.0001,128,10,,,torch.nn.functional.softplus,280,300,,280,20,1.0,softplus,poisson,1.0,0.8328023552894592,0.8024151921272278,0.2117870301008224,0.999091863632202
5e371ba8,fr,512,501,0,0.0001,0.0001,128,10,,,torch.nn.functional.softplus,280,300,,280,20,1.0,softplus,poisson,1.0,0.7923997640609741,0.6724146008491516,0.183385357260704,0.9988802671432496
5e371ba8,fr,512,501,0,0.0001,0.0001,128,10,,,torch.nn.functional.softplus,280,300,,280,20,1.0,softplus,poisson,1.0,0.7923997640609741,0.6724146008491516,0.183385357260704,0.9988802671432496
3ba4b0a9,fr,32,501,0,0.0001,0.0001,128,10,,,,280,300,,280,20,1.0,softplus,poisson,1.0,0.2112667262554168,0.1632980853319168,0.0584031641483306,0.9981620907783508
3ba4b0a9,fr,32,501,0,0.0001,0.0001,128,10,,,,280,300,,280,20,1.0,softplus,poisson,1.0,0.2112667262554168,0.1632980853319168,0.0584031641483306,0.9981620907783508
5c1ddcd4,fr,64,501,0,0.0001,0.0001,128,10,,,,280,300,,280,20,1.0,softplus,poisson,1.0,0.2211021780967712,0.1160834804177284,0.0487583391368389,0.9988471269607544
5c1ddcd4,fr,64,501,0,0.0001,0.0001,128,10,,,,280,300,,280,20,1.0,softplus,poisson,1.0,0.2211021780967712,0.1160834804177284,0.0487583391368389,0.9988471269607544
86e40376,fr,128,501,0,0.0001,0.0001,128,10,,,,280,300,,280,20,1.0,softplus,poisson,1.0,0.7914543151855469,0.6698855757713318,0.1721777021884918,0.9836652278900146
86e40376,fr,128,501,0,0.0001,0.0001,128,10,,,,280,300,,280,20,1.0,softplus,poisson,1.0,0.7914543151855469,0.6698855757713318,0.1721777021884918,0.9836652278900146
306365d9,fr,256,501,0,0.0001,0.0001,128,10,,,,280,300,,280,20,1.0,softplus,poisson,1.0,0.8328122496604919,0.8024126291275024,0.2117861360311508,0.999091863632202
306365d9,fr,256,501,0,0.0001,0.0001,128,10,,,,280,300,,280,20,1.0,softplus,poisson,1.0,0.8328122496604919,0.8024126291275024,0.2117861360311508,0.999091863632202
9fe0af8f,fr,512,501,0,0.0001,0.0001,128,10,,,,280,300,,280,20,1.0,softplus,poisson,1.0,0.7923994064331055,0.6724141836166382,0.183385357260704,0.9988802671432496
9fe0af8f,fr,512,501,0,0.0001,0.0001,128,10,,,,280,300,,280,20,1.0,softplus,poisson,1.0,0.7923994064331055,0.6724141836166382,0.183385357260704,0.9988802671432496
a6ea90b2,fr,512,500,0,0.0001,0.0001,128,5,torch.nn.functional.softplus,250,300,250,50,1.0,softplus,poisson,1.0,,,,0.8040666580200195,0.5693206191062927,0.1160882860422134,0.9987475872039796
f49d0127,fr,128,500,0,0.0001,0.0001,128,5,torch.nn.functional.softplus,250,300,250,50,1.0,softplus,poisson,1.0,,,,0.8064892888069153,0.4309090077877044,0.0850621238350868,0.9981899857521056
7314c24b,fr,32,500,0,0.0001,0.0001,128,5,,250,300,250,50,1.0,softplus,poisson,1.0,,,,0.9255710244178772,0.5674997568130493,0.1132017001509666,0.9985395669937134
341766fc,fr,32,500,0,0.0001,0.0001,128,5,torch.nn.functional.softplus,250,300,250,50,1.0,softplus,poisson,1.0,,,,0.9255114197731018,0.5678228735923767,0.1133063286542892,0.9985511302947998
c631a64c,fr,64,500,0,0.0001,0.0001,128,5,torch.nn.functional.softplus,250,300,250,50,1.0,softplus,poisson,1.0,,,,0.866729199886322,0.3746554851531982,0.074505366384983,0.9965750575065612
b76f7e9a,fr,256,500,0,0.0001,0.0001,128,5,torch.nn.functional.softplus,250,300,250,50,1.0,softplus,poisson,1.0,,,,0.7884659171104431,0.5142686367034912,0.1046444103121757,0.9981154203414916
341766fc,fr,32,500,0,0.0001,0.0001,128,5,torch.nn.functional.softplus,250,300,250,50,1.0,softplus,poisson,1.0,,,,0.9255114197731018,0.5678228735923767,0.1133063286542892,0.9985511302947998
b76f7e9a,fr,256,500,0,0.0001,0.0001,128,5,torch.nn.functional.softplus,250,300,250,50,1.0,softplus,poisson,1.0,,,,0.7884659171104431,0.5142686367034912,0.1046444103121757,0.9981154203414916
a6ea90b2,fr,512,500,0,0.0001,0.0001,128,5,torch.nn.functional.softplus,250,300,250,50,1.0,softplus,poisson,1.0,,,,0.8040666580200195,0.5693206191062927,0.1160882860422134,0.9987475872039796
c631a64c,fr,64,500,0,0.0001,0.0001,128,5,torch.nn.functional.softplus,250,300,250,50,1.0,softplus,poisson,1.0,,,,0.866729199886322,0.3746554851531982,0.074505366384983,0.9965750575065612
f49d0127,fr,128,500,0,0.0001,0.0001,128,5,torch.nn.functional.softplus,250,300,250,50,1.0,softplus,poisson,1.0,,,,0.8064892888069153,0.4309090077877044,0.0850621238350868,0.9981899857521056
7314c24b,fr,32,500,0,0.0001,0.0001,128,5,,250,300,250,50,1.0,softplus,poisson,1.0,,,,0.9255710244178772,0.5674997568130493,0.1132017001509666,0.9985395669937134
a058d181,fr,128,500,0,0.0001,0.0001,128,5,,250,300,250,50,1.0,softplus,poisson,1.0,,,,0.8075908422470093,0.4308691918849945,0.085063025355339,0.9981891512870787
945575ce,fr,64,500,0,0.0001,0.0001,128,5,,250,300,250,50,1.0,softplus,poisson,1.0,,,,0.8632076382637024,0.374398410320282,0.074447214603424,0.9965786933898926
a058d181,fr,128,500,0,0.0001,0.0001,128,5,,250,300,250,50,1.0,softplus,poisson,1.0,,,,0.8075908422470093,0.4308691918849945,0.085063025355339,0.9981891512870787
945575ce,fr,64,500,0,0.0001,0.0001,128,5,,250,300,250,50,1.0,softplus,poisson,1.0,,,,0.8632076382637024,0.374398410320282,0.074447214603424,0.9965786933898926
c729395b,fr,256,500,0,0.0001,0.0001,128,5,,250,300,250,50,1.0,softplus,poisson,1.0,,,,0.7883650064468384,0.5159197449684143,0.1048976480960846,0.9981197714805604
c729395b,fr,256,500,0,0.0001,0.0001,128,5,,250,300,250,50,1.0,softplus,poisson,1.0,,,,0.7883650064468384,0.5159197449684143,0.1048976480960846,0.9981197714805604
e3b78345,fr,32,501,0,0.0001,0.0001,128,5,torch.nn.functional.softplus,250,300,250,50,1.0,softplus,poisson,1.0,,,,0.9064145684242249,0.5608255863189697,0.1117350757122039,0.998613715171814
e3b78345,fr,32,501,0,0.0001,0.0001,128,5,torch.nn.functional.softplus,250,300,250,50,1.0,softplus,poisson,1.0,,,,0.9064145684242249,0.5608255863189697,0.1117350757122039,0.998613715171814
57b349b4,fr,512,500,0,0.0001,0.0001,128,5,,250,300,250,50,1.0,softplus,poisson,1.0,,,,0.8047273755073547,0.5693754553794861,0.1161010339856147,0.9987469911575316
57b349b4,fr,512,500,0,0.0001,0.0001,128,5,,250,300,250,50,1.0,softplus,poisson,1.0,,,,0.8047273755073547,0.5693754553794861,0.1161010339856147,0.9987469911575316
99e827ab,fr,64,501,0,0.0001,0.0001,128,5,torch.nn.functional.softplus,250,300,250,50,1.0,softplus,poisson,1.0,,,,0.8624496459960938,0.373508870601654,0.0742799490690231,0.9965872764587402
99e827ab,fr,64,501,0,0.0001,0.0001,128,5,torch.nn.functional.softplus,250,300,250,50,1.0,softplus,poisson,1.0,,,,0.8624496459960938,0.373508870601654,0.0742799490690231,0.9965872764587402
55fe4874,fr,128,501,0,0.0001,0.0001,128,5,torch.nn.functional.softplus,250,300,250,50,1.0,softplus,poisson,1.0,,,,0.8210737705230713,0.4283558130264282,0.0845316126942634,0.9981306195259094
55fe4874,fr,128,501,0,0.0001,0.0001,128,5,torch.nn.functional.softplus,250,300,250,50,1.0,softplus,poisson,1.0,,,,0.8210737705230713,0.4283558130264282,0.0845316126942634,0.9981306195259094
8b2cf091,fr,256,501,0,0.0001,0.0001,128,5,torch.nn.functional.softplus,250,300,250,50,1.0,softplus,poisson,1.0,,,,0.7827454209327698,0.5049330592155457,0.1028339192271232,0.9981002807617188
8b2cf091,fr,256,501,0,0.0001,0.0001,128,5,torch.nn.functional.softplus,250,300,250,50,1.0,softplus,poisson,1.0,,,,0.7827454209327698,0.5049330592155457,0.1028339192271232,0.9981002807617188
28c1a7de,fr,512,501,0,0.0001,0.0001,128,5,torch.nn.functional.softplus,250,300,250,50,1.0,softplus,poisson,1.0,,,,0.7927549481391907,0.5727640390396118,0.1168874725699424,0.9988060593605042
28c1a7de,fr,512,501,0,0.0001,0.0001,128,5,torch.nn.functional.softplus,250,300,250,50,1.0,softplus,poisson,1.0,,,,0.7927549481391907,0.5727640390396118,0.1168874725699424,0.9988060593605042
7cb6f585,fr,32,501,0,0.0001,0.0001,128,5,,250,300,250,50,1.0,softplus,poisson,1.0,,,,0.900898575782776,0.5585504174232483,0.1112661212682724,0.9986237287521362
7cb6f585,fr,32,501,0,0.0001,0.0001,128,5,,250,300,250,50,1.0,softplus,poisson,1.0,,,,0.900898575782776,0.5585504174232483,0.1112661212682724,0.9986237287521362
ff61b4da,fr,64,501,0,0.0001,0.0001,128,5,,250,300,250,50,1.0,softplus,poisson,1.0,,,,0.8647246360778809,0.3739754259586334,0.0743675306439399,0.9965751767158508
ff61b4da,fr,64,501,0,0.0001,0.0001,128,5,,250,300,250,50,1.0,softplus,poisson,1.0,,,,0.8647246360778809,0.3739754259586334,0.0743675306439399,0.9965751767158508
c16d6269,fr,128,501,0,0.0001,0.0001,128,5,,250,300,250,50,1.0,softplus,poisson,1.0,,,,0.822615921497345,0.428776204586029,0.0846010744571685,0.998130202293396
c16d6269,fr,128,501,0,0.0001,0.0001,128,5,,250,300,250,50,1.0,softplus,poisson,1.0,,,,0.822615921497345,0.428776204586029,0.0846010744571685,0.998130202293396
247fd6a4,fr,256,501,0,0.0001,0.0001,128,5,,250,300,250,50,1.0,softplus,poisson,1.0,,,,0.7825698852539062,0.506260335445404,0.1030492857098579,0.9981053471565248
247fd6a4,fr,256,501,0,0.0001,0.0001,128,5,,250,300,250,50,1.0,softplus,poisson,1.0,,,,0.7825698852539062,0.506260335445404,0.1030492857098579,0.9981053471565248
8f6f3eb3,fr,512,501,0,0.0001,0.0001,128,5,,250,300,250,50,1.0,softplus,poisson,1.0,,,,0.7903487086296082,0.572276771068573,0.1167745888233184,0.9988067746162416
8f6f3eb3,fr,512,501,0,0.0001,0.0001,128,5,,250,300,250,50,1.0,softplus,poisson,1.0,,,,0.7903487086296082,0.572276771068573,0.1167745888233184,0.9988067746162416
81cf122c,gnode,64,500,0,0.002,0.0,128,5,torch.nn.functional.softplus,280,300,280,20,1.0,softplus,poisson,1.0,0.1,64.0,3.0,0.8427779674530029,0.991264581680298,0.2259909063577652,0.8416082262992859
a701dc07,gnode,32,500,0,0.002,0.0,128,5,torch.nn.functional.softplus,280,300,280,20,1.0,softplus,poisson,1.0,0.1,64.0,3.0,0.9729240536689758,0.9930098056793212,0.2262798994779586,0.9794315695762634
e6275718,gnode,10,500,0,0.002,0.0,128,5,torch.nn.functional.softplus,280,300,280,20,1.0,softplus,poisson,1.0,0.1,64.0,3.0,0.9971912503242492,0.9920130968093872,0.2260047197341919,0.9992515444755554
488a7510,gnode,3,500,0,0.002,0.0,128,5,torch.nn.functional.softplus,280,300,280,20,1.0,softplus,poisson,1.0,0.1,64.0,3.0,0.9983063340187072,0.9864235520362854,0.2244513034820556,1.0
63d789d4,gnode,2,500,0,0.002,0.0,128,5,torch.nn.functional.softplus,280,300,280,20,1.0,softplus,poisson,1.0,0.1,64.0,3.0,0.9963787198066713,0.966108739376068,0.2210210263729095,1.0
bbdaadc8,gnode,5,500,0,0.002,0.0,128,5,torch.nn.functional.softplus,280,300,280,20,1.0,softplus,poisson,1.0,0.1,64.0,3.0,0.9977960586547852,0.9881276488304138,0.225013330578804,0.9986145496368408
e6275718,gnode,10,500,0,0.002,0.0,128,5,torch.nn.functional.softplus,280,300,280,20,1.0,softplus,poisson,1.0,0.1,64.0,3.0,0.9971912503242492,0.9920130968093872,0.2260047197341919,0.9992515444755554
bbdaadc8,gnode,5,500,0,0.002,0.0,128,5,torch.nn.functional.softplus,280,300,280,20,1.0,softplus,poisson,1.0,0.1,64.0,3.0,0.9977960586547852,0.9881276488304138,0.225013330578804,0.9986145496368408
81cf122c,gnode,64,500,0,0.002,0.0,128,5,torch.nn.functional.softplus,280,300,280,20,1.0,softplus,poisson,1.0,0.1,64.0,3.0,0.8427779674530029,0.991264581680298,0.2259909063577652,0.8416082262992859
63d789d4,gnode,2,500,0,0.002,0.0,128,5,torch.nn.functional.softplus,280,300,280,20,1.0,softplus,poisson,1.0,0.1,64.0,3.0,0.9963787198066713,0.966108739376068,0.2210210263729095,1.0
a701dc07,gnode,32,500,0,0.002,0.0,128,5,torch.nn.functional.softplus,280,300,280,20,1.0,softplus,poisson,1.0,0.1,64.0,3.0,0.9729240536689758,0.9930098056793212,0.2262798994779586,0.9794315695762634
488a7510,gnode,3,500,0,0.002,0.0,128,5,torch.nn.functional.softplus,280,300,280,20,1.0,softplus,poisson,1.0,0.1,64.0,3.0,0.9983063340187072,0.9864235520362854,0.2244513034820556,1.0
caa67dc7,gnode,3,501,0,0.002,0.0,128,5,torch.nn.functional.softplus,280,300,280,20,1.0,softplus,poisson,1.0,0.1,64.0,3.0,0.998537540435791,0.9856546521186828,0.2244904339313507,1.0
65ff784b,gnode,2,501,0,0.002,0.0,128,5,torch.nn.functional.softplus,280,300,280,20,1.0,softplus,poisson,1.0,0.1,64.0,3.0,0.9956635236740112,0.9663193225860596,0.2208364903926849,1.0
04f118b3,gnode,5,501,0,0.002,0.0,128,5,torch.nn.functional.softplus,280,300,280,20,1.0,softplus,poisson,1.0,0.1,64.0,3.0,0.998073160648346,0.9895228743553162,0.2252648174762725,0.9986547231674194
65ff784b,gnode,2,501,0,0.002,0.0,128,5,torch.nn.functional.softplus,280,300,280,20,1.0,softplus,poisson,1.0,0.1,64.0,3.0,0.9956635236740112,0.9663193225860596,0.2208364903926849,1.0
04f118b3,gnode,5,501,0,0.002,0.0,128,5,torch.nn.functional.softplus,280,300,280,20,1.0,softplus,poisson,1.0,0.1,64.0,3.0,0.998073160648346,0.9895228743553162,0.2252648174762725,0.9986547231674194
caa67dc7,gnode,3,501,0,0.002,0.0,128,5,torch.nn.functional.softplus,280,300,280,20,1.0,softplus,poisson,1.0,0.1,64.0,3.0,0.998537540435791,0.9856546521186828,0.2244904339313507,1.0
4ac7f7e5,gnode,32,501,0,0.002,0.0,128,5,torch.nn.functional.softplus,280,300,280,20,1.0,softplus,poisson,1.0,0.1,64.0,3.0,0.9751585721969604,0.9924088716506958,0.2262694686651229,0.9819700717926024
5203707a,gnode,10,501,0,0.002,0.0,128,5,torch.nn.functional.softplus,280,300,280,20,1.0,softplus,poisson,1.0,0.1,64.0,3.0,0.9971448183059692,0.9933356642723083,0.2261310815811157,0.998367428779602
fb18738e,gnode,64,501,0,0.002,0.0,128,5,torch.nn.functional.softplus,280,300,280,20,1.0,softplus,poisson,1.0,0.1,64.0,3.0,0.8435924053192139,0.991338312625885,0.2259804755449295,0.8427585363388062
5203707a,gnode,10,501,0,0.002,0.0,128,5,torch.nn.functional.softplus,280,300,280,20,1.0,softplus,poisson,1.0,0.1,64.0,3.0,0.9971448183059692,0.9933356642723083,0.2261310815811157,0.998367428779602
fb18738e,gnode,64,501,0,0.002,0.0,128,5,torch.nn.functional.softplus,280,300,280,20,1.0,softplus,poisson,1.0,0.1,64.0,3.0,0.8435924053192139,0.991338312625885,0.2259804755449295,0.8427585363388062
4ac7f7e5,gnode,32,501,0,0.002,0.0,128,5,torch.nn.functional.softplus,280,300,280,20,1.0,softplus,poisson,1.0,0.1,64.0,3.0,0.9751585721969604,0.9924088716506958,0.2262694686651229,0.9819700717926024
488a7510,gnode,3,500,0,0.002,0.0,128,5,torch.nn.functional.softplus,280,300,280,20,1.0,softplus,poisson,1.0,0.1,64.0,3.0,0.9983063340187072,0.9864235520362854,0.2244513034820556,1.0
81cf122c,gnode,64,500,0,0.002,0.0,128,5,torch.nn.functional.softplus,280,300,280,20,1.0,softplus,poisson,1.0,0.1,64.0,3.0,0.8427779674530029,0.991264581680298,0.2259909063577652,0.8416082262992859
bbdaadc8,gnode,5,500,0,0.002,0.0,128,5,torch.nn.functional.softplus,280,300,280,20,1.0,softplus,poisson,1.0,0.1,64.0,3.0,0.9977960586547852,0.9881276488304138,0.225013330578804,0.9986145496368408
63d789d4,gnode,2,500,0,0.002,0.0,128,5,torch.nn.functional.softplus,280,300,280,20,1.0,softplus,poisson,1.0,0.1,64.0,3.0,0.9963787198066713,0.966108739376068,0.2210210263729095,1.0
e6275718,gnode,10,500,0,0.002,0.0,128,5,torch.nn.functional.softplus,280,300,280,20,1.0,softplus,poisson,1.0,0.1,64.0,3.0,0.9971912503242492,0.9920130968093872,0.2260047197341919,0.9992515444755554
a701dc07,gnode,32,500,0,0.002,0.0,128,5,torch.nn.functional.softplus,280,300,280,20,1.0,softplus,poisson,1.0,0.1,64.0,3.0,0.9729240536689758,0.9930098056793212,0.2262798994779586,0.9794315695762634
e6275718,gnode,10,500,0,0.002,0.0,128,5,torch.nn.functional.softplus,280,300,280,20,1.0,softplus,poisson,1.0,0.1,64.0,3.0,0.9971912503242492,0.9920130968093872,0.2260047197341919,0.9992515444755554
81cf122c,gnode,64,500,0,0.002,0.0,128,5,torch.nn.functional.softplus,280,300,280,20,1.0,softplus,poisson,1.0,0.1,64.0,3.0,0.8427779674530029,0.991264581680298,0.2259909063577652,0.8416082262992859
488a7510,gnode,3,500,0,0.002,0.0,128,5,torch.nn.functional.softplus,280,300,280,20,1.0,softplus,poisson,1.0,0.1,64.0,3.0,0.9983063340187072,0.9864235520362854,0.2244513034820556,1.0
63d789d4,gnode,2,500,0,0.002,0.0,128,5,torch.nn.functional.softplus,280,300,280,20,1.0,softplus,poisson,1.0,0.1,64.0,3.0,0.9963787198066713,0.966108739376068,0.2210210263729095,1.0
bbdaadc8,gnode,5,500,0,0.002,0.0,128,5,torch.nn.functional.softplus,280,300,280,20,1.0,softplus,poisson,1.0,0.1,64.0,3.0,0.9977960586547852,0.9881276488304138,0.225013330578804,0.9986145496368408
a701dc07,gnode,32,500,0,0.002,0.0,128,5,torch.nn.functional.softplus,280,300,280,20,1.0,softplus,poisson,1.0,0.1,64.0,3.0,0.9729240536689758,0.9930098056793212,0.2262798994779586,0.9794315695762634
65ff784b,gnode,2,501,0,0.002,0.0,128,5,torch.nn.functional.softplus,280,300,280,20,1.0,softplus,poisson,1.0,0.1,64.0,3.0,0.9956635236740112,0.9663193225860596,0.2208364903926849,1.0
caa67dc7,gnode,3,501,0,0.002,0.0,128,5,torch.nn.functional.softplus,280,300,280,20,1.0,softplus,poisson,1.0,0.1,64.0,3.0,0.998537540435791,0.9856546521186828,0.2244904339313507,1.0
65ff784b,gnode,2,501,0,0.002,0.0,128,5,torch.nn.functional.softplus,280,300,280,20,1.0,softplus,poisson,1.0,0.1,64.0,3.0,0.9956635236740112,0.9663193225860596,0.2208364903926849,1.0
caa67dc7,gnode,3,501,0,0.002,0.0,128,5,torch.nn.functional.softplus,280,300,280,20,1.0,softplus,poisson,1.0,0.1,64.0,3.0,0.998537540435791,0.9856546521186828,0.2244904339313507,1.0
04f118b3,gnode,5,501,0,0.002,0.0,128,5,torch.nn.functional.softplus,280,300,280,20,1.0,softplus,poisson,1.0,0.1,64.0,3.0,0.998073160648346,0.9895228743553162,0.2252648174762725,0.9986547231674194
5203707a,gnode,10,501,0,0.002,0.0,128,5,torch.nn.functional.softplus,280,300,280,20,1.0,softplus,poisson,1.0,0.1,64.0,3.0,0.9971448183059692,0.9933356642723083,0.2261310815811157,0.998367428779602
04f118b3,gnode,5,501,0,0.002,0.0,128,5,torch.nn.functional.softplus,280,300,280,20,1.0,softplus,poisson,1.0,0.1,64.0,3.0,0.998073160648346,0.9895228743553162,0.2252648174762725,0.9986547231674194
5203707a,gnode,10,501,0,0.002,0.0,128,5,torch.nn.functional.softplus,280,300,280,20,1.0,softplus,poisson,1.0,0.1,64.0,3.0,0.9971448183059692,0.9933356642723083,0.2261310815811157,0.998367428779602
4ac7f7e5,gnode,32,501,0,0.002,0.0,128,5,torch.nn.functional.softplus,280,300,280,20,1.0,softplus,poisson,1.0,0.1,64.0,3.0,0.9751585721969604,0.9924088716506958,0.2262694686651229,0.9819700717926024
4ac7f7e5,gnode,32,501,0,0.002,0.0,128,5,torch.nn.functional.softplus,280,300,280,20,1.0,softplus,poisson,1.0,0.1,64.0,3.0,0.9751585721969604,0.9924088716506958,0.2262694686651229,0.9819700717926024
fb18738e,gnode,64,501,0,0.002,0.0,128,5,torch.nn.functional.softplus,280,300,280,20,1.0,softplus,poisson,1.0,0.1,64.0,3.0,0.8435924053192139,0.991338312625885,0.2259804755449295,0.8427585363388062
fb18738e,gnode,64,501,0,0.002,0.0,128,5,torch.nn.functional.softplus,280,300,280,20,1.0,softplus,poisson,1.0,0.1,64.0,3.0,0.8435924053192139,0.991338312625885,0.2259804755449295,0.8427585363388062
b67d9926,gru,64,500,0,0.0001,0.0001,128,5,torch.nn.functional.softplus,200,300,200,100,1.0,softplus,poisson,1.0,,,,0.7905879616737366,0.4118238389492035,0.0839697644114494,0.997506320476532
8b95b1f5,gru,32,500,0,0.0001,0.0001,128,5,,200,300,200,100,1.0,softplus,poisson,1.0,,,,0.902965009212494,0.7898401021957397,0.1653398275375366,0.9987745881080629
efe15f6a,gru,256,500,0,0.0001,0.0001,128,5,torch.nn.functional.softplus,200,300,200,100,1.0,softplus,poisson,1.0,,,,0.7048625946044922,0.4767059683799743,0.1011343523859977,0.9946269989013672
4abacb9e,gru,512,500,0,0.0001,0.0001,128,5,torch.nn.functional.softplus,200,300,200,100,1.0,softplus,poisson,1.0,,,,0.8218726515769958,0.6727588176727295,0.1445925235748291,0.9993359446525574
25da195e,gru,128,500,0,0.0001,0.0001,128,5,torch.nn.functional.softplus,200,300,200,100,1.0,softplus,poisson,1.0,,,,0.8226228356361389,0.6317758560180664,0.1323979794979095,0.9922075867652892
b67d9926,gru,64,500,0,0.0001,0.0001,128,5,torch.nn.functional.softplus,200,300,200,100,1.0,softplus,poisson,1.0,,,,0.7905879616737366,0.4118238389492035,0.0839697644114494,0.997506320476532
8b95b1f5,gru,32,500,0,0.0001,0.0001,128,5,,200,300,200,100,1.0,softplus,poisson,1.0,,,,0.902965009212494,0.7898401021957397,0.1653398275375366,0.9987745881080629
efe15f6a,gru,256,500,0,0.0001,0.0001,128,5,torch.nn.functional.softplus,200,300,200,100,1.0,softplus,poisson,1.0,,,,0.7048625946044922,0.4767059683799743,0.1011343523859977,0.9946269989013672
80a77dd3,gru,32,500,0,0.0001,0.0001,128,5,torch.nn.functional.softplus,200,300,200,100,1.0,softplus,poisson,1.0,,,,0.9028757214546204,0.7898921370506287,0.1652540564537048,0.9987804293632508
4abacb9e,gru,512,500,0,0.0001,0.0001,128,5,torch.nn.functional.softplus,200,300,200,100,1.0,softplus,poisson,1.0,,,,0.8218726515769958,0.6727588176727295,0.1445925235748291,0.9993359446525574
25da195e,gru,128,500,0,0.0001,0.0001,128,5,torch.nn.functional.softplus,200,300,200,100,1.0,softplus,poisson,1.0,,,,0.8226228356361389,0.6317758560180664,0.1323979794979095,0.9922075867652892
80a77dd3,gru,32,500,0,0.0001,0.0001,128,5,torch.nn.functional.softplus,200,300,200,100,1.0,softplus,poisson,1.0,,,,0.9028757214546204,0.7898921370506287,0.1652540564537048,0.9987804293632508
01743df6,gru,64,500,0,0.0001,0.0001,128,5,,200,300,200,100,1.0,softplus,poisson,1.0,,,,0.7931154370307922,0.412758320569992,0.0841578319668769,0.9975075721740724
01743df6,gru,64,500,0,0.0001,0.0001,128,5,,200,300,200,100,1.0,softplus,poisson,1.0,,,,0.7931154370307922,0.412758320569992,0.0841578319668769,0.9975075721740724
34218555,gru,128,500,0,0.0001,0.0001,128,5,,200,300,200,100,1.0,softplus,poisson,1.0,,,,0.8223255276679993,0.63107830286026,0.1322784721851349,0.9922210574150084
34218555,gru,128,500,0,0.0001,0.0001,128,5,,200,300,200,100,1.0,softplus,poisson,1.0,,,,0.8223255276679993,0.63107830286026,0.1322784721851349,0.9922210574150084
2108a045,gru,256,500,0,0.0001,0.0001,128,5,,200,300,200,100,1.0,softplus,poisson,1.0,,,,0.7038118839263916,0.4742330908775329,0.1007255613803863,0.9946427941322328
2108a045,gru,256,500,0,0.0001,0.0001,128,5,,200,300,200,100,1.0,softplus,poisson,1.0,,,,0.7038118839263916,0.4742330908775329,0.1007255613803863,0.9946427941322328
1d4cc959,gru,512,500,0,0.0001,0.0001,128,5,,200,300,200,100,1.0,softplus,poisson,1.0,,,,0.823108434677124,0.6729239821434021,0.1446382850408554,0.999336004257202
1d4cc959,gru,512,500,0,0.0001,0.0001,128,5,,200,300,200,100,1.0,softplus,poisson,1.0,,,,0.823108434677124,0.6729239821434021,0.1446382850408554,0.999336004257202
b6189ca3,gru,32,501,0,0.0001,0.0001,128,5,torch.nn.functional.softplus,200,300,200,100,1.0,softplus,poisson,1.0,,,,0.9014847278594972,0.7902904748916626,0.1653182953596115,0.998811662197113
b6189ca3,gru,32,501,0,0.0001,0.0001,128,5,torch.nn.functional.softplus,200,300,200,100,1.0,softplus,poisson,1.0,,,,0.9014847278594972,0.7902904748916626,0.1653182953596115,0.998811662197113
3f93dbf0,gru,64,501,0,0.0001,0.0001,128,5,torch.nn.functional.softplus,200,300,200,100,1.0,softplus,poisson,1.0,,,,0.79901522397995,0.408674031496048,0.0829201638698577,0.9973785281181335
3f93dbf0,gru,64,501,0,0.0001,0.0001,128,5,torch.nn.functional.softplus,200,300,200,100,1.0,softplus,poisson,1.0,,,,0.79901522397995,0.408674031496048,0.0829201638698577,0.9973785281181335
3fb5b686,gru,128,501,0,0.0001,0.0001,128,5,torch.nn.functional.softplus,200,300,200,100,1.0,softplus,poisson,1.0,,,,0.7257809042930603,0.4739474058151245,0.0985219180583953,0.9897852540016174
3fb5b686,gru,128,501,0,0.0001,0.0001,128,5,torch.nn.functional.softplus,200,300,200,100,1.0,softplus,poisson,1.0,,,,0.7257809042930603,0.4739474058151245,0.0985219180583953,0.9897852540016174
8f46fe6d,gru,256,501,0,0.0001,0.0001,128,5,torch.nn.functional.softplus,200,300,200,100,1.0,softplus,poisson,1.0,,,,0.8099551796913147,0.7286845445632935,0.153117299079895,0.9959821105003356
8f46fe6d,gru,256,501,0,0.0001,0.0001,128,5,torch.nn.functional.softplus,200,300,200,100,1.0,softplus,poisson,1.0,,,,0.8099551796913147,0.7286845445632935,0.153117299079895,0.9959821105003356
2ce0f713,gru,512,501,0,0.0001,0.0001,128,5,torch.nn.functional.softplus,200,300,200,100,1.0,softplus,poisson,1.0,,,,0.8170150518417358,0.6756421327590942,0.1447314172983169,0.9993606209754944
2ce0f713,gru,512,501,0,0.0001,0.0001,128,5,torch.nn.functional.softplus,200,300,200,100,1.0,softplus,poisson,1.0,,,,0.8170150518417358,0.6756421327590942,0.1447314172983169,0.9993606209754944
2102ad75,gru,32,501,0,0.0001,0.0001,128,5,,200,300,200,100,1.0,softplus,poisson,1.0,,,,0.905073344707489,0.7919945120811462,0.1656192392110824,0.9988064765930176
2102ad75,gru,32,501,0,0.0001,0.0001,128,5,,200,300,200,100,1.0,softplus,poisson,1.0,,,,0.905073344707489,0.7919945120811462,0.1656192392110824,0.9988064765930176
c142fbce,gru,64,501,0,0.0001,0.0001,128,5,,200,300,200,100,1.0,softplus,poisson,1.0,,,,0.791949987411499,0.4073241949081421,0.0826366320252418,0.9974036812782288
c142fbce,gru,64,501,0,0.0001,0.0001,128,5,,200,300,200,100,1.0,softplus,poisson,1.0,,,,0.791949987411499,0.4073241949081421,0.0826366320252418,0.9974036812782288
b8bcd830,gru,128,501,0,0.0001,0.0001,128,5,,200,300,200,100,1.0,softplus,poisson,1.0,,,,0.7245465517044067,0.4726030528545379,0.098211646080017,0.9897809028625488
b8bcd830,gru,128,501,0,0.0001,0.0001,128,5,,200,300,200,100,1.0,softplus,poisson,1.0,,,,0.7245465517044067,0.4726030528545379,0.098211646080017,0.9897809028625488
1252e030,gru,256,501,0,0.0001,0.0001,128,5,,200,300,200,100,1.0,softplus,poisson,1.0,,,,0.8104729056358337,0.7282781600952148,0.1530413925647735,0.9959819316864014
1252e030,gru,256,501,0,0.0001,0.0001,128,5,,200,300,200,100,1.0,softplus,poisson,1.0,,,,0.8104729056358337,0.7282781600952148,0.1530413925647735,0.9959819316864014
6113c2a1,gru,512,501,0,0.0001,0.0001,128,5,,200,300,200,100,1.0,softplus,poisson,1.0,,,,0.8169446587562561,0.6749809384346008,0.1445865929126739,0.9993598461151124
6113c2a1,gru,512,501,0,0.0001,0.0001,128,5,,200,300,200,100,1.0,softplus,poisson,1.0,,,,0.8169446587562561,0.6749809384346008,0.1445865929126739,0.9993598461151124
d4c93c2c,gru,128,500,0,0.0001,0.0001,128,5,torch.nn.functional.softplus,280,300,280,20,1.0,softplus,poisson,1.0,,,,0.7932630777359009,0.5233475565910339,0.1072908788919448,0.9972323179244996
6cd9fb81,gru,256,500,0,0.0001,0.0001,128,5,torch.nn.functional.softplus,280,300,280,20,1.0,softplus,poisson,1.0,,,,0.8046620488166809,0.6606522798538208,0.1398250311613083,0.9948041439056396
b08fb16f,gru,64,500,0,0.0001,0.0001,128,5,torch.nn.functional.softplus,280,300,280,20,1.0,softplus,poisson,1.0,,,,0.8292465209960938,0.4663735330104828,0.0967587903141975,0.9967514872550964
99533ba3,gru,32,501,0,0.0001,0.0001,128,5,torch.nn.functional.softplus,280,300,280,20,1.0,softplus,poisson,1.0,,,,0.8901799321174622,0.4923642575740814,0.1004226058721542,0.9980628490447998
141ebfef,gru,512,500,0,0.0001,0.0001,128,5,torch.nn.functional.softplus,280,300,280,20,1.0,softplus,poisson,1.0,,,,0.8298408389091492,0.7093183398246765,0.1505649834871292,0.99931538105011
9bee8551,gru,32,500,0,0.0001,0.0001,128,5,torch.nn.functional.softplus,280,300,280,20,1.0,softplus,poisson,1.0,,,,0.8806248903274536,0.489385038614273,0.0997957810759544,0.9980942606925964
b08fb16f,gru,64,500,0,0.0001,0.0001,128,5,torch.nn.functional.softplus,280,300,280,20,1.0,softplus,poisson,1.0,,,,0.8292465209960938,0.4663735330104828,0.0967587903141975,0.9967514872550964
141ebfef,gru,512,500,0,0.0001,0.0001,128,5,torch.nn.functional.softplus,280,300,280,20,1.0,softplus,poisson,1.0,,,,0.8298408389091492,0.7093183398246765,0.1505649834871292,0.99931538105011
d4c93c2c,gru,128,500,0,0.0001,0.0001,128,5,torch.nn.functional.softplus,280,300,280,20,1.0,softplus,poisson,1.0,,,,0.7932630777359009,0.5233475565910339,0.1072908788919448,0.9972323179244996
9bee8551,gru,32,500,0,0.0001,0.0001,128,5,torch.nn.functional.softplus,280,300,280,20,1.0,softplus,poisson,1.0,,,,0.8806248903274536,0.489385038614273,0.0997957810759544,0.9980942606925964
6cd9fb81,gru,256,500,0,0.0001,0.0001,128,5,torch.nn.functional.softplus,280,300,280,20,1.0,softplus,poisson,1.0,,,,0.8046620488166809,0.6606522798538208,0.1398250311613083,0.9948041439056396
99533ba3,gru,32,501,0,0.0001,0.0001,128,5,torch.nn.functional.softplus,280,300,280,20,1.0,softplus,poisson,1.0,,,,0.8901799321174622,0.4923642575740814,0.1004226058721542,0.9980628490447998
e2ba8806,gru,64,501,0,0.0001,0.0001,128,5,torch.nn.functional.softplus,280,300,280,20,1.0,softplus,poisson,1.0,,,,0.9121124148368835,0.4173153042793274,0.082557700574398,0.997132122516632
e2ba8806,gru,64,501,0,0.0001,0.0001,128,5,torch.nn.functional.softplus,280,300,280,20,1.0,softplus,poisson,1.0,,,,0.9121124148368835,0.4173153042793274,0.082557700574398,0.997132122516632
2fe1636c,gru,128,501,0,0.0001,0.0001,128,5,torch.nn.functional.softplus,280,300,280,20,1.0,softplus,poisson,1.0,,,,0.8290951251983643,0.4478065371513366,0.0883620604872703,0.9978986382484436
2fe1636c,gru,128,501,0,0.0001,0.0001,128,5,torch.nn.functional.softplus,280,300,280,20,1.0,softplus,poisson,1.0,,,,0.8290951251983643,0.4478065371513366,0.0883620604872703,0.9978986382484436
c89d03ff,gru,256,501,0,0.0001,0.0001,128,5,torch.nn.functional.softplus,280,300,280,20,1.0,softplus,poisson,1.0,,,,0.7745296955108643,0.4574730396270752,0.0934207811951637,0.9977529644966124
c89d03ff,gru,256,501,0,0.0001,0.0001,128,5,torch.nn.functional.softplus,280,300,280,20,1.0,softplus,poisson,1.0,,,,0.7745296955108643,0.4574730396270752,0.0934207811951637,0.9977529644966124
1c2b2641,gru,512,501,0,0.0001,0.0001,128,5,torch.nn.functional.softplus,280,300,280,20,1.0,softplus,poisson,1.0,,,,0.8365561962127686,0.5375609397888184,0.1096366047859191,0.9993197917938232
1c2b2641,gru,512,501,0,0.0001,0.0001,128,5,torch.nn.functional.softplus,280,300,280,20,1.0,softplus,poisson,1.0,,,,0.8365561962127686,0.5375609397888184,0.1096366047859191,0.9993197917938232
b76f7e9a,fr,256,500,0,0.0001,0.0001,128,5,torch.nn.functional.softplus,250,300,250,50,1.0,softplus,poisson,1.0,,,,0.7884659171104431,0.5142686367034912,0.1046444103121757,0.9981154203414916
a6ea90b2,fr,512,500,0,0.0001,0.0001,128,5,torch.nn.functional.softplus,250,300,250,50,1.0,softplus,poisson,1.0,,,,0.8040666580200195,0.5693206191062927,0.1160882860422134,0.9987475872039796
c631a64c,fr,64,500,0,0.0001,0.0001,128,5,torch.nn.functional.softplus,250,300,250,50,1.0,softplus,poisson,1.0,,,,0.866729199886322,0.3746554851531982,0.074505366384983,0.9965750575065612
f49d0127,fr,128,500,0,0.0001,0.0001,128,5,torch.nn.functional.softplus,250,300,250,50,1.0,softplus,poisson,1.0,,,,0.8064892888069153,0.4309090077877044,0.0850621238350868,0.9981899857521056
b76f7e9a,fr,256,500,0,0.0001,0.0001,128,5,torch.nn.functional.softplus,250,300,250,50,1.0,softplus,poisson,1.0,,,,0.7884659171104431,0.5142686367034912,0.1046444103121757,0.9981154203414916
341766fc,fr,32,500,0,0.0001,0.0001,128,5,torch.nn.functional.softplus,250,300,250,50,1.0,softplus,poisson,1.0,,,,0.9255114197731018,0.5678228735923767,0.1133063286542892,0.9985511302947998
a6ea90b2,fr,512,500,0,0.0001,0.0001,128,5,torch.nn.functional.softplus,250,300,250,50,1.0,softplus,poisson,1.0,,,,0.8040666580200195,0.5693206191062927,0.1160882860422134,0.9987475872039796
c631a64c,fr,64,500,0,0.0001,0.0001,128,5,torch.nn.functional.softplus,250,300,250,50,1.0,softplus,poisson,1.0,,,,0.866729199886322,0.3746554851531982,0.074505366384983,0.9965750575065612
f49d0127,fr,128,500,0,0.0001,0.0001,128,5,torch.nn.functional.softplus,250,300,250,50,1.0,softplus,poisson,1.0,,,,0.8064892888069153,0.4309090077877044,0.0850621238350868,0.9981899857521056
341766fc,fr,32,500,0,0.0001,0.0001,128,5,torch.nn.functional.softplus,250,300,250,50,1.0,softplus,poisson,1.0,,,,0.9255114197731018,0.5678228735923767,0.1133063286542892,0.9985511302947998
7314c24b,fr,32,500,0,0.0001,0.0001,128,5,,250,300,250,50,1.0,softplus,poisson,1.0,,,,0.9255710244178772,0.5674997568130493,0.1132017001509666,0.9985395669937134
7314c24b,fr,32,500,0,0.0001,0.0001,128,5,,250,300,250,50,1.0,softplus,poisson,1.0,,,,0.9255710244178772,0.5674997568130493,0.1132017001509666,0.9985395669937134
945575ce,fr,64,500,0,0.0001,0.0001,128,5,,250,300,250,50,1.0,softplus,poisson,1.0,,,,0.8632076382637024,0.374398410320282,0.074447214603424,0.9965786933898926
945575ce,fr,64,500,0,0.0001,0.0001,128,5,,250,300,250,50,1.0,softplus,poisson,1.0,,,,0.8632076382637024,0.374398410320282,0.074447214603424,0.9965786933898926
a058d181,fr,128,500,0,0.0001,0.0001,128,5,,250,300,250,50,1.0,softplus,poisson,1.0,,,,0.8075908422470093,0.4308691918849945,0.085063025355339,0.9981891512870787
a058d181,fr,128,500,0,0.0001,0.0001,128,5,,250,300,250,50,1.0,softplus,poisson,1.0,,,,0.8075908422470093,0.4308691918849945,0.085063025355339,0.9981891512870787
c729395b,fr,256,500,0,0.0001,0.0001,128,5,,250,300,250,50,1.0,softplus,poisson,1.0,,,,0.7883650064468384,0.5159197449684143,0.1048976480960846,0.9981197714805604
c729395b,fr,256,500,0,0.0001,0.0001,128,5,,250,300,250,50,1.0,softplus,poisson,1.0,,,,0.7883650064468384,0.5159197449684143,0.1048976480960846,0.9981197714805604
57b349b4,fr,512,500,0,0.0001,0.0001,128,5,,250,300,250,50,1.0,softplus,poisson,1.0,,,,0.8047273755073547,0.5693754553794861,0.1161010339856147,0.9987469911575316
57b349b4,fr,512,500,0,0.0001,0.0001,128,5,,250,300,250,50,1.0,softplus,poisson,1.0,,,,0.8047273755073547,0.5693754553794861,0.1161010339856147,0.9987469911575316
e3b78345,fr,32,501,0,0.0001,0.0001,128,5,torch.nn.functional.softplus,250,300,250,50,1.0,softplus,poisson,1.0,,,,0.9064145684242249,0.5608255863189697,0.1117350757122039,0.998613715171814
e3b78345,fr,32,501,0,0.0001,0.0001,128,5,torch.nn.functional.softplus,250,300,250,50,1.0,softplus,poisson,1.0,,,,0.9064145684242249,0.5608255863189697,0.1117350757122039,0.998613715171814
99e827ab,fr,64,501,0,0.0001,0.0001,128,5,torch.nn.functional.softplus,250,300,250,50,1.0,softplus,poisson,1.0,,,,0.8624496459960938,0.373508870601654,0.0742799490690231,0.9965872764587402
99e827ab,fr,64,501,0,0.0001,0.0001,128,5,torch.nn.functional.softplus,250,300,250,50,1.0,softplus,poisson,1.0,,,,0.8624496459960938,0.373508870601654,0.0742799490690231,0.9965872764587402
55fe4874,fr,128,501,0,0.0001,0.0001,128,5,torch.nn.functional.softplus,250,300,250,50,1.0,softplus,poisson,1.0,,,,0.8210737705230713,0.4283558130264282,0.0845316126942634,0.9981306195259094
55fe4874,fr,128,501,0,0.0001,0.0001,128,5,torch.nn.functional.softplus,250,300,250,50,1.0,softplus,poisson,1.0,,,,0.8210737705230713,0.4283558130264282,0.0845316126942634,0.9981306195259094
8b2cf091,fr,256,501,0,0.0001,0.0001,128,5,torch.nn.functional.softplus,250,300,250,50,1.0,softplus,poisson,1.0,,,,0.7827454209327698,0.5049330592155457,0.1028339192271232,0.9981002807617188
8b2cf091,fr,256,501,0,0.0001,0.0001,128,5,torch.nn.functional.softplus,250,300,250,50,1.0,softplus,poisson,1.0,,,,0.7827454209327698,0.5049330592155457,0.1028339192271232,0.9981002807617188
28c1a7de,fr,512,501,0,0.0001,0.0001,128,5,torch.nn.functional.softplus,250,300,250,50,1.0,softplus,poisson,1.0,,,,0.7927549481391907,0.5727640390396118,0.1168874725699424,0.9988060593605042
28c1a7de,fr,512,501,0,0.0001,0.0001,128,5,torch.nn.functional.softplus,250,300,250,50,1.0,softplus,poisson,1.0,,,,0.7927549481391907,0.5727640390396118,0.1168874725699424,0.9988060593605042
7cb6f585,fr,32,501,0,0.0001,0.0001,128,5,,250,300,250,50,1.0,softplus,poisson,1.0,,,,0.900898575782776,0.5585504174232483,0.1112661212682724,0.9986237287521362
7cb6f585,fr,32,501,0,0.0001,0.0001,128,5,,250,300,250,50,1.0,softplus,poisson,1.0,,,,0.900898575782776,0.5585504174232483,0.1112661212682724,0.9986237287521362
ff61b4da,fr,64,501,0,0.0001,0.0001,128,5,,250,300,250,50,1.0,softplus,poisson,1.0,,,,0.8647246360778809,0.3739754259586334,0.0743675306439399,0.9965751767158508
ff61b4da,fr,64,501,0,0.0001,0.0001,128,5,,250,300,250,50,1.0,softplus,poisson,1.0,,,,0.8647246360778809,0.3739754259586334,0.0743675306439399,0.9965751767158508
c16d6269,fr,128,501,0,0.0001,0.0001,128,5,,250,300,250,50,1.0,softplus,poisson,1.0,,,,0.822615921497345,0.428776204586029,0.0846010744571685,0.998130202293396
c16d6269,fr,128,501,0,0.0001,0.0001,128,5,,250,300,250,50,1.0,softplus,poisson,1.0,,,,0.822615921497345,0.428776204586029,0.0846010744571685,0.998130202293396
247fd6a4,fr,256,501,0,0.0001,0.0001,128,5,,250,300,250,50,1.0,softplus,poisson,1.0,,,,0.7825698852539062,0.506260335445404,0.1030492857098579,0.9981053471565248
247fd6a4,fr,256,501,0,0.0001,0.0001,128,5,,250,300,250,50,1.0,softplus,poisson,1.0,,,,0.7825698852539062,0.506260335445404,0.1030492857098579,0.9981053471565248
8f6f3eb3,fr,512,501,0,0.0001,0.0001,128,5,,250,300,250,50,1.0,softplus,poisson,1.0,,,,0.7903487086296082,0.572276771068573,0.1167745888233184,0.9988067746162416
8f6f3eb3,fr,512,501,0,0.0001,0.0001,128,5,,250,300,250,50,1.0,softplus,poisson,1.0,,,,0.7903487086296082,0.572276771068573,0.1167745888233184,0.9988067746162416
9f1d7262,node,2,500,0,0.002,0.0,128,5,torch.nn.functional.softplus,250,300,250,50,1.0,softplus,poisson,1.0,0.05,128.0,3.0,0.9969192743301392,0.9673529863357544,0.2212547808885574,1.0
97bb4b50,node,5,500,0,0.002,0.0,128,5,torch.nn.functional.softplus,250,300,250,50,1.0,softplus,poisson,1.0,0.05,128.0,3.0,0.9982502460479736,0.9895886182785034,0.2253545820713043,0.9984670877456664
3c8502d5,node,32,500,0,0.002,0.0,128,5,torch.nn.functional.softplus,250,300,250,50,1.0,softplus,poisson,1.0,0.05,128.0,3.0,0.9753421545028688,0.9945668578147888,0.2266772836446762,0.9831786155700684
224680b9,node,3,500,0,0.002,0.0,128,5,torch.nn.functional.softplus,250,300,250,50,1.0,softplus,poisson,1.0,0.05,128.0,3.0,0.9984906315803528,0.9850677251815796,0.2242827862501144,1.0
1e77ec22,node,10,500,0,0.002,0.0,128,5,torch.nn.functional.softplus,250,300,250,50,1.0,softplus,poisson,1.0,0.05,128.0,3.0,0.9976160526275636,0.9938323497772216,0.2263359129428863,0.9983512163162231
1e77ec22,node,10,500,0,0.002,0.0,128,5,torch.nn.functional.softplus,250,300,250,50,1.0,softplus,poisson,1.0,0.05,128.0,3.0,0.9976160526275636,0.9938323497772216,0.2263359129428863,0.9983512163162231
97bb4b50,node,5,500,0,0.002,0.0,128,5,torch.nn.functional.softplus,250,300,250,50,1.0,softplus,poisson,1.0,0.05,128.0,3.0,0.9982502460479736,0.9895886182785034,0.2253545820713043,0.9984670877456664
224680b9,node,3,500,0,0.002,0.0,128,5,torch.nn.functional.softplus,250,300,250,50,1.0,softplus,poisson,1.0,0.05,128.0,3.0,0.9984906315803528,0.9850677251815796,0.2242827862501144,1.0
9f1d7262,node,2,500,0,0.002,0.0,128,5,torch.nn.functional.softplus,250,300,250,50,1.0,softplus,poisson,1.0,0.05,128.0,3.0,0.9969192743301392,0.9673529863357544,0.2212547808885574,1.0
3c8502d5,node,32,500,0,0.002,0.0,128,5,torch.nn.functional.softplus,250,300,250,50,1.0,softplus,poisson,1.0,0.05,128.0,3.0,0.9753421545028688,0.9945668578147888,0.2266772836446762,0.9831786155700684
e32f17f1,node,64,500,0,0.002,0.0,128,5,torch.nn.functional.softplus,250,300,250,50,1.0,softplus,poisson,1.0,0.05,128.0,3.0,0.830163836479187,0.9920355081558228,0.22636678814888,0.8917407989501953
e32f17f1,node,64,500,0,0.002,0.0,128,5,torch.nn.functional.softplus,250,300,250,50,1.0,softplus,poisson,1.0,0.05,128.0,3.0,0.830163836479187,0.9920355081558228,0.22636678814888,0.8917407989501953
2ac658f3,node,2,500,0,0.002,0.0,128,5,,250,300,250,50,1.0,softplus,poisson,1.0,0.05,128.0,3.0,0.9967867136001588,0.9673503637313844,0.2212537080049514,1.0
2ac658f3,node,2,500,0,0.002,0.0,128,5,,250,300,250,50,1.0,softplus,poisson,1.0,0.05,128.0,3.0,0.9967867136001588,0.9673503637313844,0.2212537080049514,1.0
a2252f81,node,3,500,0,0.002,0.0,128,5,,250,300,250,50,1.0,softplus,poisson,1.0,0.05,128.0,3.0,0.9985506534576416,0.9850676655769348,0.2242829650640487,1.0
a2252f81,node,3,500,0,0.002,0.0,128,5,,250,300,250,50,1.0,softplus,poisson,1.0,0.05,128.0,3.0,0.9985506534576416,0.9850676655769348,0.2242829650640487,1.0
c6be0cbe,node,5,500,0,0.002,0.0,128,5,,250,300,250,50,1.0,softplus,poisson,1.0,0.05,128.0,3.0,0.998249650001526,0.9895871877670288,0.2253536880016327,0.9984657168388368
c6be0cbe,node,5,500,0,0.002,0.0,128,5,,250,300,250,50,1.0,softplus,poisson,1.0,0.05,128.0,3.0,0.998249650001526,0.9895871877670288,0.2253536880016327,0.9984657168388368
d82744c1,node,10,500,0,0.002,0.0,128,5,,250,300,250,50,1.0,softplus,poisson,1.0,0.05,128.0,3.0,0.9975939989089966,0.9938333630561828,0.2263357490301132,0.998351275920868
d82744c1,node,10,500,0,0.002,0.0,128,5,,250,300,250,50,1.0,softplus,poisson,1.0,0.05,128.0,3.0,0.9975939989089966,0.9938333630561828,0.2263357490301132,0.998351275920868
5dc4f46f,node,32,500,0,0.002,0.0,128,5,,250,300,250,50,1.0,softplus,poisson,1.0,0.05,128.0,3.0,0.9752482175827026,0.9945454597473145,0.226672425866127,0.9831394553184508
5dc4f46f,node,32,500,0,0.002,0.0,128,5,,250,300,250,50,1.0,softplus,poisson,1.0,0.05,128.0,3.0,0.9752482175827026,0.9945454597473145,0.226672425866127,0.9831394553184508
c3ebfcd6,node,64,500,0,0.002,0.0,128,5,,250,300,250,50,1.0,softplus,poisson,1.0,0.05,128.0,3.0,0.8306409120559692,0.992026686668396,0.2263621240854263,0.8924270868301392
c3ebfcd6,node,64,500,0,0.002,0.0,128,5,,250,300,250,50,1.0,softplus,poisson,1.0,0.05,128.0,3.0,0.8306409120559692,0.992026686668396,0.2263621240854263,0.8924270868301392
429822ab,node,3,501,0,0.002,0.0,128,5,torch.nn.functional.softplus,250,300,250,50,1.0,softplus,poisson,1.0,0.05,128.0,3.0,0.9985414147377014,0.9858508706092834,0.2244087904691696,1.0
3db18318,node,2,501,0,0.002,0.0,128,5,torch.nn.functional.softplus,250,300,250,50,1.0,softplus,poisson,1.0,0.05,128.0,3.0,0.9971318244934082,0.9667606353759766,0.2212944328784942,1.0
429822ab,node,3,501,0,0.002,0.0,128,5,torch.nn.functional.softplus,250,300,250,50,1.0,softplus,poisson,1.0,0.05,128.0,3.0,0.9985414147377014,0.9858508706092834,0.2244087904691696,1.0
3db18318,node,2,501,0,0.002,0.0,128,5,torch.nn.functional.softplus,250,300,250,50,1.0,softplus,poisson,1.0,0.05,128.0,3.0,0.9971318244934082,0.9667606353759766,0.2212944328784942,1.0
7af2940b,node,5,501,0,0.002,0.0,128,5,torch.nn.functional.softplus,250,300,250,50,1.0,softplus,poisson,1.0,0.05,128.0,3.0,0.9979328513145448,0.9889647960662842,0.2252849489450454,0.9993680119514464
7af2940b,node,5,501,0,0.002,0.0,128,5,torch.nn.functional.softplus,250,300,250,50,1.0,softplus,poisson,1.0,0.05,128.0,3.0,0.9979328513145448,0.9889647960662842,0.2252849489450454,0.9993680119514464
5a0abf31,node,10,501,0,0.002,0.0,128,5,torch.nn.functional.softplus,250,300,250,50,1.0,softplus,poisson,1.0,0.05,128.0,3.0,0.9973572492599488,0.9941868185997008,0.2263820469379425,0.9983307123184204
5a0abf31,node,10,501,0,0.002,0.0,128,5,torch.nn.functional.softplus,250,300,250,50,1.0,softplus,poisson,1.0,0.05,128.0,3.0,0.9973572492599488,0.9941868185997008,0.2263820469379425,0.9983307123184204
b10ea416,node,32,501,0,0.002,0.0,128,5,torch.nn.functional.softplus,250,300,250,50,1.0,softplus,poisson,1.0,0.05,128.0,3.0,0.975617527961731,0.9943820238113404,0.2266379594802856,0.9830583930015564
b10ea416,node,32,501,0,0.002,0.0,128,5,torch.nn.functional.softplus,250,300,250,50,1.0,softplus,poisson,1.0,0.05,128.0,3.0,0.975617527961731,0.9943820238113404,0.2266379594802856,0.9830583930015564
57061708,node,64,501,0,0.002,0.0,128,5,torch.nn.functional.softplus,250,300,250,50,1.0,softplus,poisson,1.0,0.05,128.0,3.0,0.8298590779304504,0.9920307993888856,0.2263719886541366,0.8898659944534302
6f4adc8d,node,2,501,0,0.002,0.0,128,5,,250,300,250,50,1.0,softplus,poisson,1.0,0.05,128.0,3.0,0.9970756769180298,0.9667632579803468,0.2212948054075241,1.0
57061708,node,64,501,0,0.002,0.0,128,5,torch.nn.functional.softplus,250,300,250,50,1.0,softplus,poisson,1.0,0.05,128.0,3.0,0.8298590779304504,0.9920307993888856,0.2263719886541366,0.8898659944534302
6f4adc8d,node,2,501,0,0.002,0.0,128,5,,250,300,250,50,1.0,softplus,poisson,1.0,0.05,128.0,3.0,0.9970756769180298,0.9667632579803468,0.2212948054075241,1.0
beb680f1,node,3,501,0,0.002,0.0,128,5,,250,300,250,50,1.0,softplus,poisson,1.0,0.05,128.0,3.0,0.9984030723571776,0.9858527779579164,0.2244075238704681,1.0
beb680f1,node,3,501,0,0.002,0.0,128,5,,250,300,250,50,1.0,softplus,poisson,1.0,0.05,128.0,3.0,0.9984030723571776,0.9858527779579164,0.2244075238704681,1.0
5e77cbe9,node,5,501,0,0.002,0.0,128,5,,250,300,250,50,1.0,softplus,poisson,1.0,0.05,128.0,3.0,0.9979249238967896,0.9889588952064514,0.2252856642007827,0.9993632435798644
5e77cbe9,node,5,501,0,0.002,0.0,128,5,,250,300,250,50,1.0,softplus,poisson,1.0,0.05,128.0,3.0,0.9979249238967896,0.9889588952064514,0.2252856642007827,0.9993632435798644
be5b0607,node,10,501,0,0.002,0.0,128,5,,250,300,250,50,1.0,softplus,poisson,1.0,0.05,128.0,3.0,0.997455596923828,0.9941839575767516,0.226380780339241,0.9983342885971068
be5b0607,node,10,501,0,0.002,0.0,128,5,,250,300,250,50,1.0,softplus,poisson,1.0,0.05,128.0,3.0,0.997455596923828,0.9941839575767516,0.226380780339241,0.9983342885971068
eb5cf3ea,node,32,501,0,0.002,0.0,128,5,,250,300,250,50,1.0,softplus,poisson,1.0,0.05,128.0,3.0,0.9756813645362854,0.9943801164627076,0.2266431599855423,0.9829503297805786
eb5cf3ea,node,32,501,0,0.002,0.0,128,5,,250,300,250,50,1.0,softplus,poisson,1.0,0.05,128.0,3.0,0.9756813645362854,0.9943801164627076,0.2266431599855423,0.9829503297805786
628dabf0,node,64,501,0,0.002,0.0,128,5,,250,300,250,50,1.0,softplus,poisson,1.0,0.05,128.0,3.0,0.8296602368354797,0.9920461177825928,0.2263759523630142,0.8891879320144653
628dabf0,node,64,501,0,0.002,0.0,128,5,,250,300,250,50,1.0,softplus,poisson,1.0,0.05,128.0,3.0,0.8296602368354797,0.9920461177825928,0.2263759523630142,0.8891879320144653
6cd9fb81,gru,256,500,0,0.0001,0.0001,128,5,torch.nn.functional.softplus,280,300,280,20,1.0,softplus,poisson,1.0,,,,0.8046620488166809,0.6606522798538208,0.1398250311613083,0.9948041439056396
9bee8551,gru,32,500,0,0.0001,0.0001,128,5,torch.nn.functional.softplus,280,300,280,20,1.0,softplus,poisson,1.0,,,,0.8806248903274536,0.489385038614273,0.0997957810759544,0.9980942606925964
b08fb16f,gru,64,500,0,0.0001,0.0001,128,5,torch.nn.functional.softplus,280,300,280,20,1.0,softplus,poisson,1.0,,,,0.8292465209960938,0.4663735330104828,0.0967587903141975,0.9967514872550964
4d448cf1,fr,32,500,0,0.0001,0.0001,128,5,,280,300,280,20,1.0,softplus,poisson,1.0,,,,0.9189023375511168,0.601836621761322,0.1219579726457595,0.9985808730125428
d4c93c2c,gru,128,500,0,0.0001,0.0001,128,5,torch.nn.functional.softplus,280,300,280,20,1.0,softplus,poisson,1.0,,,,0.7932630777359009,0.5233475565910339,0.1072908788919448,0.9972323179244996
6cd9fb81,gru,256,500,0,0.0001,0.0001,128,5,torch.nn.functional.softplus,280,300,280,20,1.0,softplus,poisson,1.0,,,,0.8046620488166809,0.6606522798538208,0.1398250311613083,0.9948041439056396
141ebfef,gru,512,500,0,0.0001,0.0001,128,5,torch.nn.functional.softplus,280,300,280,20,1.0,softplus,poisson,1.0,,,,0.8298408389091492,0.7093183398246765,0.1505649834871292,0.99931538105011
9bee8551,gru,32,500,0,0.0001,0.0001,128,5,torch.nn.functional.softplus,280,300,280,20,1.0,softplus,poisson,1.0,,,,0.8806248903274536,0.489385038614273,0.0997957810759544,0.9980942606925964
b08fb16f,gru,64,500,0,0.0001,0.0001,128,5,torch.nn.functional.softplus,280,300,280,20,1.0,softplus,poisson,1.0,,,,0.8292465209960938,0.4663735330104828,0.0967587903141975,0.9967514872550964
4d448cf1,fr,32,500,0,0.0001,0.0001,128,5,,280,300,280,20,1.0,softplus,poisson,1.0,,,,0.9189023375511168,0.601836621761322,0.1219579726457595,0.9985808730125428
d4c93c2c,gru,128,500,0,0.0001,0.0001,128,5,torch.nn.functional.softplus,280,300,280,20,1.0,softplus,poisson,1.0,,,,0.7932630777359009,0.5233475565910339,0.1072908788919448,0.9972323179244996
141ebfef,gru,512,500,0,0.0001,0.0001,128,5,torch.nn.functional.softplus,280,300,280,20,1.0,softplus,poisson,1.0,,,,0.8298408389091492,0.7093183398246765,0.1505649834871292,0.99931538105011
56f38c06,fr,128,500,0,0.0001,0.0001,128,5,,280,300,280,20,1.0,softplus,poisson,1.0,,,,0.8163034915924072,0.4362514317035675,0.0860355421900749,0.9979748129844666
774d04ae,fr,256,500,0,0.0001,0.0001,128,5,,280,300,280,20,1.0,softplus,poisson,1.0,,,,0.7998424768447876,0.5207435488700867,0.1058340519666671,0.9980181455612184
812c1c42,fr,64,500,0,0.0001,0.0001,128,5,,280,300,280,20,1.0,softplus,poisson,1.0,,,,0.902990996837616,0.4200350344181061,0.0825225114822387,0.9970105290412904
56f38c06,fr,128,500,0,0.0001,0.0001,128,5,,280,300,280,20,1.0,softplus,poisson,1.0,,,,0.8163034915924072,0.4362514317035675,0.0860355421900749,0.9979748129844666
774d04ae,fr,256,500,0,0.0001,0.0001,128,5,,280,300,280,20,1.0,softplus,poisson,1.0,,,,0.7998424768447876,0.5207435488700867,0.1058340519666671,0.9980181455612184
812c1c42,fr,64,500,0,0.0001,0.0001,128,5,,280,300,280,20,1.0,softplus,poisson,1.0,,,,0.902990996837616,0.4200350344181061,0.0825225114822387,0.9970105290412904
a144a155,fr,512,500,0,0.0001,0.0001,128,5,,280,300,280,20,1.0,softplus,poisson,1.0,,,,0.7903691530227661,0.5451414585113525,0.11160359531641,0.9993770718574524
a144a155,fr,512,500,0,0.0001,0.0001,128,5,,280,300,280,20,1.0,softplus,poisson,1.0,,,,0.7903691530227661,0.5451414585113525,0.11160359531641,0.9993770718574524
99533ba3,gru,32,501,0,0.0001,0.0001,128,5,torch.nn.functional.softplus,280,300,280,20,1.0,softplus,poisson,1.0,,,,0.8901799321174622,0.4923642575740814,0.1004226058721542,0.9980628490447998
99533ba3,gru,32,501,0,0.0001,0.0001,128,5,torch.nn.functional.softplus,280,300,280,20,1.0,softplus,poisson,1.0,,,,0.8901799321174622,0.4923642575740814,0.1004226058721542,0.9980628490447998
e2ba8806,gru,64,501,0,0.0001,0.0001,128,5,torch.nn.functional.softplus,280,300,280,20,1.0,softplus,poisson,1.0,,,,0.9121124148368835,0.4173153042793274,0.082557700574398,0.997132122516632
e2ba8806,gru,64,501,0,0.0001,0.0001,128,5,torch.nn.functional.softplus,280,300,280,20,1.0,softplus,poisson,1.0,,,,0.9121124148368835,0.4173153042793274,0.082557700574398,0.997132122516632
2fe1636c,gru,128,501,0,0.0001,0.0001,128,5,torch.nn.functional.softplus,280,300,280,20,1.0,softplus,poisson,1.0,,,,0.8290951251983643,0.4478065371513366,0.0883620604872703,0.9978986382484436
2fe1636c,gru,128,501,0,0.0001,0.0001,128,5,torch.nn.functional.softplus,280,300,280,20,1.0,softplus,poisson,1.0,,,,0.8290951251983643,0.4478065371513366,0.0883620604872703,0.9978986382484436
c89d03ff,gru,256,501,0,0.0001,0.0001,128,5,torch.nn.functional.softplus,280,300,280,20,1.0,softplus,poisson,1.0,,,,0.7745296955108643,0.4574730396270752,0.0934207811951637,0.9977529644966124
c89d03ff,gru,256,501,0,0.0001,0.0001,128,5,torch.nn.functional.softplus,280,300,280,20,1.0,softplus,poisson,1.0,,,,0.7745296955108643,0.4574730396270752,0.0934207811951637,0.9977529644966124
1c2b2641,gru,512,501,0,0.0001,0.0001,128,5,torch.nn.functional.softplus,280,300,280,20,1.0,softplus,poisson,1.0,,,,0.8365561962127686,0.5375609397888184,0.1096366047859191,0.9993197917938232
1c2b2641,gru,512,501,0,0.0001,0.0001,128,5,torch.nn.functional.softplus,280,300,280,20,1.0,softplus,poisson,1.0,,,,0.8365561962127686,0.5375609397888184,0.1096366047859191,0.9993197917938232
2e068dc3,fr,32,501,0,0.0001,0.0001,128,5,,280,300,280,20,1.0,softplus,poisson,1.0,,,,0.9200145602226256,0.5996201634407043,0.1216547861695289,0.9985694885253906
2e068dc3,fr,32,501,0,0.0001,0.0001,128,5,,280,300,280,20,1.0,softplus,poisson,1.0,,,,0.9200145602226256,0.5996201634407043,0.1216547861695289,0.9985694885253906
668e9d89,fr,64,501,0,0.0001,0.0001,128,5,,280,300,280,20,1.0,softplus,poisson,1.0,,,,0.9117699265480042,0.4175488352775574,0.0826054438948631,0.9971344470977784
668e9d89,fr,64,501,0,0.0001,0.0001,128,5,,280,300,280,20,1.0,softplus,poisson,1.0,,,,0.9117699265480042,0.4175488352775574,0.0826054438948631,0.9971344470977784
fff1781f,fr,128,501,0,0.0001,0.0001,128,5,,280,300,280,20,1.0,softplus,poisson,1.0,,,,0.8299694061279297,0.4484809637069702,0.088484302163124,0.9979016780853271
fff1781f,fr,128,501,0,0.0001,0.0001,128,5,,280,300,280,20,1.0,softplus,poisson,1.0,,,,0.8299694061279297,0.4484809637069702,0.088484302163124,0.9979016780853271
f1607a74,fr,256,501,0,0.0001,0.0001,128,5,,280,300,280,20,1.0,softplus,poisson,1.0,,,,0.774955689907074,0.4575717747211456,0.0934428572654724,0.9977524876594543
f1607a74,fr,256,501,0,0.0001,0.0001,128,5,,280,300,280,20,1.0,softplus,poisson,1.0,,,,0.774955689907074,0.4575717747211456,0.0934428572654724,0.9977524876594543
1ba2e4e7,fr,512,501,0,0.0001,0.0001,128,5,,280,300,280,20,1.0,softplus,poisson,1.0,,,,0.8352258205413818,0.5370689630508423,0.1095289066433906,0.9993199706077576
1ba2e4e7,fr,512,501,0,0.0001,0.0001,128,5,,280,300,280,20,1.0,softplus,poisson,1.0,,,,0.8352258205413818,0.5370689630508423,0.1095289066433906,0.9993199706077576
b67d9926,gru,64,500,0,0.0001,0.0001,128,5,torch.nn.functional.softplus,200,300,200,100,1.0,softplus,poisson,1.0,,,,0.7905879616737366,0.4118238389492035,0.0839697644114494,0.997506320476532
80a77dd3,gru,32,500,0,0.0001,0.0001,128,5,torch.nn.functional.softplus,200,300,200,100,1.0,softplus,poisson,1.0,,,,0.9028757214546204,0.7898921370506287,0.1652540564537048,0.9987804293632508
efe15f6a,gru,256,500,0,0.0001,0.0001,128,5,torch.nn.functional.softplus,200,300,200,100,1.0,softplus,poisson,1.0,,,,0.7048625946044922,0.4767059683799743,0.1011343523859977,0.9946269989013672
4abacb9e,gru,512,500,0,0.0001,0.0001,128,5,torch.nn.functional.softplus,200,300,200,100,1.0,softplus,poisson,1.0,,,,0.8218726515769958,0.6727588176727295,0.1445925235748291,0.9993359446525574
25da195e,gru,128,500,0,0.0001,0.0001,128,5,torch.nn.functional.softplus,200,300,200,100,1.0,softplus,poisson,1.0,,,,0.8226228356361389,0.6317758560180664,0.1323979794979095,0.9922075867652892
8b95b1f5,gru,32,500,0,0.0001,0.0001,128,5,,200,300,200,100,1.0,softplus,poisson,1.0,,,,0.902965009212494,0.7898401021957397,0.1653398275375366,0.9987745881080629
b67d9926,gru,64,500,0,0.0001,0.0001,128,5,torch.nn.functional.softplus,200,300,200,100,1.0,softplus,poisson,1.0,,,,0.7905879616737366,0.4118238389492035,0.0839697644114494,0.997506320476532
8b95b1f5,gru,32,500,0,0.0001,0.0001,128,5,,200,300,200,100,1.0,softplus,poisson,1.0,,,,0.902965009212494,0.7898401021957397,0.1653398275375366,0.9987745881080629
4abacb9e,gru,512,500,0,0.0001,0.0001,128,5,torch.nn.functional.softplus,200,300,200,100,1.0,softplus,poisson,1.0,,,,0.8218726515769958,0.6727588176727295,0.1445925235748291,0.9993359446525574
efe15f6a,gru,256,500,0,0.0001,0.0001,128,5,torch.nn.functional.softplus,200,300,200,100,1.0,softplus,poisson,1.0,,,,0.7048625946044922,0.4767059683799743,0.1011343523859977,0.9946269989013672
25da195e,gru,128,500,0,0.0001,0.0001,128,5,torch.nn.functional.softplus,200,300,200,100,1.0,softplus,poisson,1.0,,,,0.8226228356361389,0.6317758560180664,0.1323979794979095,0.9922075867652892
80a77dd3,gru,32,500,0,0.0001,0.0001,128,5,torch.nn.functional.softplus,200,300,200,100,1.0,softplus,poisson,1.0,,,,0.9028757214546204,0.7898921370506287,0.1652540564537048,0.9987804293632508
01743df6,gru,64,500,0,0.0001,0.0001,128,5,,200,300,200,100,1.0,softplus,poisson,1.0,,,,0.7931154370307922,0.412758320569992,0.0841578319668769,0.9975075721740724
01743df6,gru,64,500,0,0.0001,0.0001,128,5,,200,300,200,100,1.0,softplus,poisson,1.0,,,,0.7931154370307922,0.412758320569992,0.0841578319668769,0.9975075721740724
34218555,gru,128,500,0,0.0001,0.0001,128,5,,200,300,200,100,1.0,softplus,poisson,1.0,,,,0.8223255276679993,0.63107830286026,0.1322784721851349,0.9922210574150084
34218555,gru,128,500,0,0.0001,0.0001,128,5,,200,300,200,100,1.0,softplus,poisson,1.0,,,,0.8223255276679993,0.63107830286026,0.1322784721851349,0.9922210574150084
2108a045,gru,256,500,0,0.0001,0.0001,128,5,,200,300,200,100,1.0,softplus,poisson,1.0,,,,0.7038118839263916,0.4742330908775329,0.1007255613803863,0.9946427941322328
2108a045,gru,256,500,0,0.0001,0.0001,128,5,,200,300,200,100,1.0,softplus,poisson,1.0,,,,0.7038118839263916,0.4742330908775329,0.1007255613803863,0.9946427941322328
1d4cc959,gru,512,500,0,0.0001,0.0001,128,5,,200,300,200,100,1.0,softplus,poisson,1.0,,,,0.823108434677124,0.6729239821434021,0.1446382850408554,0.999336004257202
1d4cc959,gru,512,500,0,0.0001,0.0001,128,5,,200,300,200,100,1.0,softplus,poisson,1.0,,,,0.823108434677124,0.6729239821434021,0.1446382850408554,0.999336004257202
b6189ca3,gru,32,501,0,0.0001,0.0001,128,5,torch.nn.functional.softplus,200,300,200,100,1.0,softplus,poisson,1.0,,,,0.9014847278594972,0.7902904748916626,0.1653182953596115,0.998811662197113
b6189ca3,gru,32,501,0,0.0001,0.0001,128,5,torch.nn.functional.softplus,200,300,200,100,1.0,softplus,poisson,1.0,,,,0.9014847278594972,0.7902904748916626,0.1653182953596115,0.998811662197113
3f93dbf0,gru,64,501,0,0.0001,0.0001,128,5,torch.nn.functional.softplus,200,300,200,100,1.0,softplus,poisson,1.0,,,,0.79901522397995,0.408674031496048,0.0829201638698577,0.9973785281181335
3f93dbf0,gru,64,501,0,0.0001,0.0001,128,5,torch.nn.functional.softplus,200,300,200,100,1.0,softplus,poisson,1.0,,,,0.79901522397995,0.408674031496048,0.0829201638698577,0.9973785281181335
3fb5b686,gru,128,501,0,0.0001,0.0001,128,5,torch.nn.functional.softplus,200,300,200,100,1.0,softplus,poisson,1.0,,,,0.7257809042930603,0.4739474058151245,0.0985219180583953,0.9897852540016174
3fb5b686,gru,128,501,0,0.0001,0.0001,128,5,torch.nn.functional.softplus,200,300,200,100,1.0,softplus,poisson,1.0,,,,0.7257809042930603,0.4739474058151245,0.0985219180583953,0.9897852540016174
8f46fe6d,gru,256,501,0,0.0001,0.0001,128,5,torch.nn.functional.softplus,200,300,200,100,1.0,softplus,poisson,1.0,,,,0.8099551796913147,0.7286845445632935,0.153117299079895,0.9959821105003356
8f46fe6d,gru,256,501,0,0.0001,0.0001,128,5,torch.nn.functional.softplus,200,300,200,100,1.0,softplus,poisson,1.0,,,,0.8099551796913147,0.7286845445632935,0.153117299079895,0.9959821105003356
2ce0f713,gru,512,501,0,0.0001,0.0001,128,5,torch.nn.functional.softplus,200,300,200,100,1.0,softplus,poisson,1.0,,,,0.8170150518417358,0.6756421327590942,0.1447314172983169,0.9993606209754944
2102ad75,gru,32,501,0,0.0001,0.0001,128,5,,200,300,200,100,1.0,softplus,poisson,1.0,,,,0.905073344707489,0.7919945120811462,0.1656192392110824,0.9988064765930176
2ce0f713,gru,512,501,0,0.0001,0.0001,128,5,torch.nn.functional.softplus,200,300,200,100,1.0,softplus,poisson,1.0,,,,0.8170150518417358,0.6756421327590942,0.1447314172983169,0.9993606209754944
2102ad75,gru,32,501,0,0.0001,0.0001,128,5,,200,300,200,100,1.0,softplus,poisson,1.0,,,,0.905073344707489,0.7919945120811462,0.1656192392110824,0.9988064765930176
c142fbce,gru,64,501,0,0.0001,0.0001,128,5,,200,300,200,100,1.0,softplus,poisson,1.0,,,,0.791949987411499,0.4073241949081421,0.0826366320252418,0.9974036812782288
c142fbce,gru,64,501,0,0.0001,0.0001,128,5,,200,300,200,100,1.0,softplus,poisson,1.0,,,,0.791949987411499,0.4073241949081421,0.0826366320252418,0.9974036812782288
b8bcd830,gru,128,501,0,0.0001,0.0001,128,5,,200,300,200,100,1.0,softplus,poisson,1.0,,,,0.7245465517044067,0.4726030528545379,0.098211646080017,0.9897809028625488
b8bcd830,gru,128,501,0,0.0001,0.0001,128,5,,200,300,200,100,1.0,softplus,poisson,1.0,,,,0.7245465517044067,0.4726030528545379,0.098211646080017,0.9897809028625488
1252e030,gru,256,501,0,0.0001,0.0001,128,5,,200,300,200,100,1.0,softplus,poisson,1.0,,,,0.8104729056358337,0.7282781600952148,0.1530413925647735,0.9959819316864014
1252e030,gru,256,501,0,0.0001,0.0001,128,5,,200,300,200,100,1.0,softplus,poisson,1.0,,,,0.8104729056358337,0.7282781600952148,0.1530413925647735,0.9959819316864014
6113c2a1,gru,512,501,0,0.0001,0.0001,128,5,,200,300,200,100,1.0,softplus,poisson,1.0,,,,0.8169446587562561,0.6749809384346008,0.1445865929126739,0.9993598461151124
6113c2a1,gru,512,501,0,0.0001,0.0001,128,5,,200,300,200,100,1.0,softplus,poisson,1.0,,,,0.8169446587562561,0.6749809384346008,0.1445865929126739,0.9993598461151124
794fc2cd,gnode,3,500,0,0.002,0.0,128,5,torch.nn.functional.softplus,280,300,250,50,1.0,softplus,poisson,1.0,0.1,64.0,3.0,,,,
9c6c1663,gnode,10,500,0,0.002,0.0,128,5,torch.nn.functional.softplus,280,300,250,50,1.0,softplus,poisson,1.0,0.1,64.0,3.0,,,,
d493995c,gnode,5,500,0,0.002,0.0,128,5,torch.nn.functional.softplus,280,300,250,50,1.0,softplus,poisson,1.0,0.1,64.0,3.0,,,,
4966527e,gnode,64,500,0,0.002,0.0,128,5,torch.nn.functional.softplus,280,300,250,50,1.0,softplus,poisson,1.0,0.1,64.0,3.0,,,,
d4245f8a,gnode,32,500,0,0.002,0.0,128,5,torch.nn.functional.softplus,280,300,250,50,1.0,softplus,poisson,1.0,0.1,64.0,3.0,,,,
97d90ce6,gnode,2,500,0,0.002,0.0,128,5,torch.nn.functional.softplus,280,300,250,50,1.0,softplus,poisson,1.0,0.1,64.0,3.0,,,,
97d90ce6,gnode,2,500,0,0.002,0.0,128,5,torch.nn.functional.softplus,280,300,250,50,1.0,softplus,poisson,1.0,0.1,64.0,3.0,,,,
9c6c1663,gnode,10,500,0,0.002,0.0,128,5,torch.nn.functional.softplus,280,300,250,50,1.0,softplus,poisson,1.0,0.1,64.0,3.0,,,,
4966527e,gnode,64,500,0,0.002,0.0,128,5,torch.nn.functional.softplus,280,300,250,50,1.0,softplus,poisson,1.0,0.1,64.0,3.0,,,,
d4245f8a,gnode,32,500,0,0.002,0.0,128,5,torch.nn.functional.softplus,280,300,250,50,1.0,softplus,poisson,1.0,0.1,64.0,3.0,,,,
d493995c,gnode,5,500,0,0.002,0.0,128,5,torch.nn.functional.softplus,280,300,250,50,1.0,softplus,poisson,1.0,0.1,64.0,3.0,,,,
794fc2cd,gnode,3,500,0,0.002,0.0,128,5,torch.nn.functional.softplus,280,300,250,50,1.0,softplus,poisson,1.0,0.1,64.0,3.0,,,,
a20989c5,gnode,32,501,0,0.002,0.0,128,5,torch.nn.functional.softplus,280,300,250,50,1.0,softplus,poisson,1.0,0.1,64.0,3.0,,,,
e9a2a138,gnode,3,501,0,0.002,0.0,128,5,torch.nn.functional.softplus,280,300,250,50,1.0,softplus,poisson,1.0,0.1,64.0,3.0,,,,
3e8ec4b7,gnode,5,501,0,0.002,0.0,128,5,torch.nn.functional.softplus,280,300,250,50,1.0,softplus,poisson,1.0,0.1,64.0,3.0,,,,
841fe3e8,gnode,2,501,0,0.002,0.0,128,5,torch.nn.functional.softplus,280,300,250,50,1.0,softplus,poisson,1.0,0.1,64.0,3.0,,,,
dc3a799a,gnode,10,501,0,0.002,0.0,128,5,torch.nn.functional.softplus,280,300,250,50,1.0,softplus,poisson,1.0,0.1,64.0,3.0,,,,
984a095e,gnode,64,501,0,0.002,0.0,128,5,torch.nn.functional.softplus,280,300,250,50,1.0,softplus,poisson,1.0,0.1,64.0,3.0,,,,
a20989c5,gnode,32,501,0,0.002,0.0,128,5,torch.nn.functional.softplus,280,300,250,50,1.0,softplus,poisson,1.0,0.1,64.0,3.0,,,,
e9a2a138,gnode,3,501,0,0.002,0.0,128,5,torch.nn.functional.softplus,280,300,250,50,1.0,softplus,poisson,1.0,0.1,64.0,3.0,,,,
dc3a799a,gnode,10,501,0,0.002,0.0,128,5,torch.nn.functional.softplus,280,300,250,50,1.0,softplus,poisson,1.0,0.1,64.0,3.0,,,,
3e8ec4b7,gnode,5,501,0,0.002,0.0,128,5,torch.nn.functional.softplus,280,300,250,50,1.0,softplus,poisson,1.0,0.1,64.0,3.0,,,,
841fe3e8,gnode,2,501,0,0.002,0.0,128,5,torch.nn.functional.softplus,280,300,250,50,1.0,softplus,poisson,1.0,0.1,64.0,3.0,,,,
984a095e,gnode,64,501,0,0.002,0.0,128,5,torch.nn.functional.softplus,280,300,250,50,1.0,softplus,poisson,1.0,0.1,64.0,3.0,,,,
5de5ff74,gnode,2,500,0,0.002,0.0,128,5,torch.nn.functional.softplus,250,300,250,50,1.0,softplus,poisson,1.0,0.1,64.0,3.0,0.996359884738922,0.9668399095535278,0.2211941033601761,1.0
b517bd66,gnode,3,500,0,0.002,0.0,128,5,torch.nn.functional.softplus,250,300,250,50,1.0,softplus,poisson,1.0,0.1,64.0,3.0,0.997872829437256,0.982930064201355,0.2237386405467987,1.0
c053d764,gnode,32,500,0,0.002,0.0,128,5,torch.nn.functional.softplus,250,300,250,50,1.0,softplus,poisson,1.0,0.1,64.0,3.0,0.9654425382614136,0.9938119649887084,0.2265579253435135,0.9667253494262696
414d7c3f,gnode,5,500,0,0.002,0.0,128,5,torch.nn.functional.softplus,250,300,250,50,1.0,softplus,poisson,1.0,0.1,64.0,3.0,0.9983307719230652,0.9895386099815368,0.2253405898809433,0.9988386631011964
e0ed99f9,gnode,10,500,0,0.002,0.0,128,5,torch.nn.functional.softplus,250,300,250,50,1.0,softplus,poisson,1.0,0.1,64.0,3.0,0.9970649480819702,0.9938620328903198,0.2263497412204742,0.9993206858634948
1df312c6,gnode,64,500,0,0.002,0.0,128,5,torch.nn.functional.softplus,250,300,250,50,1.0,softplus,poisson,1.0,0.1,64.0,3.0,0.8182013630867004,0.9915868043899536,0.2261930704116821,0.7939140796661377
5de5ff74,gnode,2,500,0,0.002,0.0,128,5,torch.nn.functional.softplus,250,300,250,50,1.0,softplus,poisson,1.0,0.1,64.0,3.0,0.996359884738922,0.9668399095535278,0.2211941033601761,1.0
b517bd66,gnode,3,500,0,0.002,0.0,128,5,torch.nn.functional.softplus,250,300,250,50,1.0,softplus,poisson,1.0,0.1,64.0,3.0,0.997872829437256,0.982930064201355,0.2237386405467987,1.0
c053d764,gnode,32,500,0,0.002,0.0,128,5,torch.nn.functional.softplus,250,300,250,50,1.0,softplus,poisson,1.0,0.1,64.0,3.0,0.9654425382614136,0.9938119649887084,0.2265579253435135,0.9667253494262696
414d7c3f,gnode,5,500,0,0.002,0.0,128,5,torch.nn.functional.softplus,250,300,250,50,1.0,softplus,poisson,1.0,0.1,64.0,3.0,0.9983307719230652,0.9895386099815368,0.2253405898809433,0.9988386631011964
e0ed99f9,gnode,10,500,0,0.002,0.0,128,5,torch.nn.functional.softplus,250,300,250,50,1.0,softplus,poisson,1.0,0.1,64.0,3.0,0.9970649480819702,0.9938620328903198,0.2263497412204742,0.9993206858634948
1df312c6,gnode,64,500,0,0.002,0.0,128,5,torch.nn.functional.softplus,250,300,250,50,1.0,softplus,poisson,1.0,0.1,64.0,3.0,0.8182013630867004,0.9915868043899536,0.2261930704116821,0.7939140796661377
0886bc04,gnode,2,501,0,0.002,0.0,128,5,torch.nn.functional.softplus,250,300,250,50,1.0,softplus,poisson,1.0,0.1,64.0,3.0,0.996271789073944,0.9671080708503724,0.221207395195961,1.0
0886bc04,gnode,2,501,0,0.002,0.0,128,5,torch.nn.functional.softplus,250,300,250,50,1.0,softplus,poisson,1.0,0.1,64.0,3.0,0.996271789073944,0.9671080708503724,0.221207395195961,1.0
4f494e9c,gnode,3,501,0,0.002,0.0,128,5,torch.nn.functional.softplus,250,300,250,50,1.0,softplus,poisson,1.0,0.1,64.0,3.0,0.9984070062637328,0.9844887256622314,0.2240650951862335,1.0
4f494e9c,gnode,3,501,0,0.002,0.0,128,5,torch.nn.functional.softplus,250,300,250,50,1.0,softplus,poisson,1.0,0.1,64.0,3.0,0.9984070062637328,0.9844887256622314,0.2240650951862335,1.0
0592aa79,gnode,5,501,0,0.002,0.0,128,5,torch.nn.functional.softplus,250,300,250,50,1.0,softplus,poisson,1.0,0.1,64.0,3.0,0.998158037662506,0.989672303199768,0.2253325134515762,0.9987969398498536
0592aa79,gnode,5,501,0,0.002,0.0,128,5,torch.nn.functional.softplus,250,300,250,50,1.0,softplus,poisson,1.0,0.1,64.0,3.0,0.998158037662506,0.989672303199768,0.2253325134515762,0.9987969398498536
0393f9dd,gnode,10,501,0,0.002,0.0,128,5,torch.nn.functional.softplus,250,300,250,50,1.0,softplus,poisson,1.0,0.1,64.0,3.0,0.9973452687263488,0.9936518669128418,0.2263253480195999,0.9993139505386353
0393f9dd,gnode,10,501,0,0.002,0.0,128,5,torch.nn.functional.softplus,250,300,250,50,1.0,softplus,poisson,1.0,0.1,64.0,3.0,0.9973452687263488,0.9936518669128418,0.2263253480195999,0.9993139505386353
74e54292,gnode,32,501,0,0.002,0.0,128,5,torch.nn.functional.softplus,250,300,250,50,1.0,softplus,poisson,1.0,0.1,64.0,3.0,0.9652165174484252,0.993916153907776,0.2265816181898117,0.9653417468070984
74e54292,gnode,32,501,0,0.002,0.0,128,5,torch.nn.functional.softplus,250,300,250,50,1.0,softplus,poisson,1.0,0.1,64.0,3.0,0.9652165174484252,0.993916153907776,0.2265816181898117,0.9653417468070984
f3c5e126,gnode,64,501,0,0.002,0.0,128,5,torch.nn.functional.softplus,250,300,250,50,1.0,softplus,poisson,1.0,0.1,64.0,3.0,0.8182711601257324,0.9914767742156982,0.2261842787265777,0.793779194355011
f3c5e126,gnode,64,501,0,0.002,0.0,128,5,torch.nn.functional.softplus,250,300,250,50,1.0,softplus,poisson,1.0,0.1,64.0,3.0,0.8182711601257324,0.9914767742156982,0.2261842787265777,0.793779194355011
1c613103,gnode,10,500,0,0.002,0.0,128,5,torch.nn.functional.softplus,280,300,200,100,1.0,softplus,poisson,1.0,0.1,64.0,3.0,,,,
58f550d2,gnode,5,500,0,0.002,0.0,128,5,torch.nn.functional.softplus,280,300,200,100,1.0,softplus,poisson,1.0,0.1,64.0,3.0,,,,
ff087baa,gnode,3,500,0,0.002,0.0,128,5,torch.nn.functional.softplus,280,300,200,100,1.0,softplus,poisson,1.0,0.1,64.0,3.0,,,,
da1762eb,gnode,32,500,0,0.002,0.0,128,5,torch.nn.functional.softplus,280,300,200,100,1.0,softplus,poisson,1.0,0.1,64.0,3.0,,,,
5cc7dbe9,gnode,2,500,0,0.002,0.0,128,5,torch.nn.functional.softplus,280,300,200,100,1.0,softplus,poisson,1.0,0.1,64.0,3.0,,,,
e043ea07,gnode,64,500,0,0.002,0.0,128,5,torch.nn.functional.softplus,280,300,200,100,1.0,softplus,poisson,1.0,0.1,64.0,3.0,,,,
e043ea07,gnode,64,500,0,0.002,0.0,128,5,torch.nn.functional.softplus,280,300,200,100,1.0,softplus,poisson,1.0,0.1,64.0,3.0,,,,
ff087baa,gnode,3,500,0,0.002,0.0,128,5,torch.nn.functional.softplus,280,300,200,100,1.0,softplus,poisson,1.0,0.1,64.0,3.0,,,,
5cc7dbe9,gnode,2,500,0,0.002,0.0,128,5,torch.nn.functional.softplus,280,300,200,100,1.0,softplus,poisson,1.0,0.1,64.0,3.0,,,,
58f550d2,gnode,5,500,0,0.002,0.0,128,5,torch.nn.functional.softplus,280,300,200,100,1.0,softplus,poisson,1.0,0.1,64.0,3.0,,,,
da1762eb,gnode,32,500,0,0.002,0.0,128,5,torch.nn.functional.softplus,280,300,200,100,1.0,softplus,poisson,1.0,0.1,64.0,3.0,,,,
1c613103,gnode,10,500,0,0.002,0.0,128,5,torch.nn.functional.softplus,280,300,200,100,1.0,softplus,poisson,1.0,0.1,64.0,3.0,,,,
b7d2bf26,gnode,10,501,0,0.002,0.0,128,5,torch.nn.functional.softplus,280,300,200,100,1.0,softplus,poisson,1.0,0.1,64.0,3.0,,,,
0fe475ab,gnode,3,501,0,0.002,0.0,128,5,torch.nn.functional.softplus,280,300,200,100,1.0,softplus,poisson,1.0,0.1,64.0,3.0,,,,
b9fbcb3c,gnode,32,501,0,0.002,0.0,128,5,torch.nn.functional.softplus,280,300,200,100,1.0,softplus,poisson,1.0,0.1,64.0,3.0,,,,
eb097913,gnode,64,501,0,0.002,0.0,128,5,torch.nn.functional.softplus,280,300,200,100,1.0,softplus,poisson,1.0,0.1,64.0,3.0,,,,
2aa56212,gnode,5,501,0,0.002,0.0,128,5,torch.nn.functional.softplus,280,300,200,100,1.0,softplus,poisson,1.0,0.1,64.0,3.0,,,,
da8f2602,gnode,2,501,0,0.002,0.0,128,5,torch.nn.functional.softplus,280,300,200,100,1.0,softplus,poisson,1.0,0.1,64.0,3.0,,,,
b7d2bf26,gnode,10,501,0,0.002,0.0,128,5,torch.nn.functional.softplus,280,300,200,100,1.0,softplus,poisson,1.0,0.1,64.0,3.0,,,,
0fe475ab,gnode,3,501,0,0.002,0.0,128,5,torch.nn.functional.softplus,280,300,200,100,1.0,softplus,poisson,1.0,0.1,64.0,3.0,,,,
eb097913,gnode,64,501,0,0.002,0.0,128,5,torch.nn.functional.softplus,280,300,200,100,1.0,softplus,poisson,1.0,0.1,64.0,3.0,,,,
b9fbcb3c,gnode,32,501,0,0.002,0.0,128,5,torch.nn.functional.softplus,280,300,200,100,1.0,softplus,poisson,1.0,0.1,64.0,3.0,,,,
2aa56212,gnode,5,501,0,0.002,0.0,128,5,torch.nn.functional.softplus,280,300,200,100,1.0,softplus,poisson,1.0,0.1,64.0,3.0,,,,
da8f2602,gnode,2,501,0,0.002,0.0,128,5,torch.nn.functional.softplus,280,300,200,100,1.0,softplus,poisson,1.0,0.1,64.0,3.0,,,,
05629e85,gnode,5,500,0,0.002,0.0,128,5,torch.nn.functional.softplus,200,300,200,100,1.0,softplus,poisson,1.0,0.1,64.0,3.0,0.997940182685852,0.9910956621170044,0.2256171554327011,0.9992566108703612
1b54eea3,gnode,10,500,0,0.002,0.0,128,5,torch.nn.functional.softplus,200,300,200,100,1.0,softplus,poisson,1.0,0.1,64.0,3.0,0.996345579624176,0.993432641029358,0.226193368434906,0.99903666973114
3d1d193b,gnode,3,500,0,0.002,0.0,128,5,torch.nn.functional.softplus,200,300,200,100,1.0,softplus,poisson,1.0,0.1,64.0,3.0,0.9953749775886536,0.9842768311500548,0.2241440415382385,1.0
53e5282d,gnode,32,500,0,0.002,0.0,128,5,torch.nn.functional.softplus,200,300,200,100,1.0,softplus,poisson,1.0,0.1,64.0,3.0,0.9589678049087524,0.993561327457428,0.2265160232782364,0.9647696614265442
15c2274e,gnode,2,500,0,0.002,0.0,128,5,torch.nn.functional.softplus,200,300,200,100,1.0,softplus,poisson,1.0,0.1,64.0,3.0,0.9974851608276368,0.968234121799469,0.2214300483465194,1.0
775d50d9,gnode,64,500,0,0.002,0.0,128,5,torch.nn.functional.softplus,200,300,200,100,1.0,softplus,poisson,1.0,0.1,64.0,3.0,0.8842461109161377,0.9914581179618835,0.2262477278709411,0.8789910674095154
1b54eea3,gnode,10,500,0,0.002,0.0,128,5,torch.nn.functional.softplus,200,300,200,100,1.0,softplus,poisson,1.0,0.1,64.0,3.0,0.996345579624176,0.993432641029358,0.226193368434906,0.99903666973114
15c2274e,gnode,2,500,0,0.002,0.0,128,5,torch.nn.functional.softplus,200,300,200,100,1.0,softplus,poisson,1.0,0.1,64.0,3.0,0.9974851608276368,0.968234121799469,0.2214300483465194,1.0
53e5282d,gnode,32,500,0,0.002,0.0,128,5,torch.nn.functional.softplus,200,300,200,100,1.0,softplus,poisson,1.0,0.1,64.0,3.0,0.9589678049087524,0.993561327457428,0.2265160232782364,0.9647696614265442
05629e85,gnode,5,500,0,0.002,0.0,128,5,torch.nn.functional.softplus,200,300,200,100,1.0,softplus,poisson,1.0,0.1,64.0,3.0,0.997940182685852,0.9910956621170044,0.2256171554327011,0.9992566108703612
3d1d193b,gnode,3,500,0,0.002,0.0,128,5,torch.nn.functional.softplus,200,300,200,100,1.0,softplus,poisson,1.0,0.1,64.0,3.0,0.9953749775886536,0.9842768311500548,0.2241440415382385,1.0
775d50d9,gnode,64,500,0,0.002,0.0,128,5,torch.nn.functional.softplus,200,300,200,100,1.0,softplus,poisson,1.0,0.1,64.0,3.0,0.8842461109161377,0.9914581179618835,0.2262477278709411,0.8789910674095154
27e32749,gnode,2,501,0,0.002,0.0,128,5,torch.nn.functional.softplus,200,300,200,100,1.0,softplus,poisson,1.0,0.1,64.0,3.0,0.9974329471588136,0.9678521752357484,0.2214219719171524,1.0
27e32749,gnode,2,501,0,0.002,0.0,128,5,torch.nn.functional.softplus,200,300,200,100,1.0,softplus,poisson,1.0,0.1,64.0,3.0,0.9974329471588136,0.9678521752357484,0.2214219719171524,1.0
8e24d1b7,gnode,3,501,0,0.002,0.0,128,5,torch.nn.functional.softplus,200,300,200,100,1.0,softplus,poisson,1.0,0.1,64.0,3.0,0.9948750138282776,0.9831135272979736,0.2239696085453033,1.0
8e24d1b7,gnode,3,501,0,0.002,0.0,128,5,torch.nn.functional.softplus,200,300,200,100,1.0,softplus,poisson,1.0,0.1,64.0,3.0,0.9948750138282776,0.9831135272979736,0.2239696085453033,1.0
dfc6f6f1,gnode,5,501,0,0.002,0.0,128,5,torch.nn.functional.softplus,200,300,200,100,1.0,softplus,poisson,1.0,0.1,64.0,3.0,0.998085916042328,0.9905696511268616,0.2255432307720184,0.99927419424057
dfc6f6f1,gnode,5,501,0,0.002,0.0,128,5,torch.nn.functional.softplus,200,300,200,100,1.0,softplus,poisson,1.0,0.1,64.0,3.0,0.998085916042328,0.9905696511268616,0.2255432307720184,0.99927419424057
91034b05,gnode,32,501,0,0.002,0.0,128,5,torch.nn.functional.softplus,200,300,200,100,1.0,softplus,poisson,1.0,0.1,64.0,3.0,0.9585344791412354,0.9938762187957764,0.2265560328960418,0.9463843703269958
86d7b039,gnode,10,501,0,0.002,0.0,128,5,torch.nn.functional.softplus,200,300,200,100,1.0,softplus,poisson,1.0,0.1,64.0,3.0,0.9963696002960204,0.9936721920967102,0.2262540161609649,0.999020516872406
91034b05,gnode,32,501,0,0.002,0.0,128,5,torch.nn.functional.softplus,200,300,200,100,1.0,softplus,poisson,1.0,0.1,64.0,3.0,0.9585344791412354,0.9938762187957764,0.2265560328960418,0.9463843703269958
86d7b039,gnode,10,501,0,0.002,0.0,128,5,torch.nn.functional.softplus,200,300,200,100,1.0,softplus,poisson,1.0,0.1,64.0,3.0,0.9963696002960204,0.9936721920967102,0.2262540161609649,0.999020516872406
25a0ba63,gnode,64,501,0,0.002,0.0,128,5,torch.nn.functional.softplus,200,300,200,100,1.0,softplus,poisson,1.0,0.1,64.0,3.0,0.8858587145805359,0.9916051626205444,0.2262619286775589,0.8811394572257996
25a0ba63,gnode,64,501,0,0.002,0.0,128,5,torch.nn.functional.softplus,200,300,200,100,1.0,softplus,poisson,1.0,0.1,64.0,3.0,0.8858587145805359,0.9916051626205444,0.2262619286775589,0.8811394572257996
dad1868e,node,32,500,0,0.002,0.0,128,5,torch.nn.functional.softplus,200,300,200,100,1.0,softplus,poisson,1.0,0.05,128.0,3.0,0.9756420850753784,0.9939014315605164,0.2266025096178054,0.9906249642372132
fbf8412f,node,10,500,0,0.002,0.0,128,5,torch.nn.functional.softplus,200,300,200,100,1.0,softplus,poisson,1.0,0.05,128.0,3.0,0.997093141078949,0.9948998689651488,0.2265639305114746,0.9990353584289552
cf88fd13,node,3,500,0,0.002,0.0,128,5,torch.nn.functional.softplus,200,300,200,100,1.0,softplus,poisson,1.0,0.05,128.0,3.0,0.9940274357795716,0.9753738641738892,0.222289964556694,1.0
d2134b59,node,2,500,0,0.002,0.0,128,5,torch.nn.functional.softplus,200,300,200,100,1.0,softplus,poisson,1.0,0.05,128.0,3.0,0.9970464110374452,0.9678466320037842,0.2213325947523117,1.0
58f98661,node,5,500,0,0.002,0.0,128,5,torch.nn.functional.softplus,200,300,200,100,1.0,softplus,poisson,1.0,0.05,128.0,3.0,0.9984553456306458,0.9904471039772034,0.2254486382007599,0.9986592531204224
dad1868e,node,32,500,0,0.002,0.0,128,5,torch.nn.functional.softplus,200,300,200,100,1.0,softplus,poisson,1.0,0.05,128.0,3.0,0.9756420850753784,0.9939014315605164,0.2266025096178054,0.9906249642372132
cf88fd13,node,3,500,0,0.002,0.0,128,5,torch.nn.functional.softplus,200,300,200,100,1.0,softplus,poisson,1.0,0.05,128.0,3.0,0.9940274357795716,0.9753738641738892,0.222289964556694,1.0
58f98661,node,5,500,0,0.002,0.0,128,5,torch.nn.functional.softplus,200,300,200,100,1.0,softplus,poisson,1.0,0.05,128.0,3.0,0.9984553456306458,0.9904471039772034,0.2254486382007599,0.9986592531204224
d2134b59,node,2,500,0,0.002,0.0,128,5,torch.nn.functional.softplus,200,300,200,100,1.0,softplus,poisson,1.0,0.05,128.0,3.0,0.9970464110374452,0.9678466320037842,0.2213325947523117,1.0
fbf8412f,node,10,500,0,0.002,0.0,128,5,torch.nn.functional.softplus,200,300,200,100,1.0,softplus,poisson,1.0,0.05,128.0,3.0,0.997093141078949,0.9948998689651488,0.2265639305114746,0.9990353584289552
2b764c8f,node,64,500,0,0.002,0.0,128,5,torch.nn.functional.softplus,200,300,200,100,1.0,softplus,poisson,1.0,0.05,128.0,3.0,0.8797339200973511,0.9918853640556335,0.2262696474790573,0.943037450313568
2b764c8f,node,64,500,0,0.002,0.0,128,5,torch.nn.functional.softplus,200,300,200,100,1.0,softplus,poisson,1.0,0.05,128.0,3.0,0.8797339200973511,0.9918853640556335,0.2262696474790573,0.943037450313568
f72b5ec1,node,2,500,0,0.002,0.0,128,5,,200,300,200,100,1.0,softplus,poisson,1.0,0.05,128.0,3.0,0.9970561265945436,0.9678436517715454,0.2213331311941146,1.0
f72b5ec1,node,2,500,0,0.002,0.0,128,5,,200,300,200,100,1.0,softplus,poisson,1.0,0.05,128.0,3.0,0.9970561265945436,0.9678436517715454,0.2213331311941146,1.0
f3135e0e,node,3,500,0,0.002,0.0,128,5,,200,300,200,100,1.0,softplus,poisson,1.0,0.05,128.0,3.0,0.9942939877510072,0.9753749370574952,0.2222897857427597,1.0
f3135e0e,node,3,500,0,0.002,0.0,128,5,,200,300,200,100,1.0,softplus,poisson,1.0,0.05,128.0,3.0,0.9942939877510072,0.9753749370574952,0.2222897857427597,1.0
f7735c9f,node,5,500,0,0.002,0.0,128,5,,200,300,200,100,1.0,softplus,poisson,1.0,0.05,128.0,3.0,0.998470902442932,0.990446388721466,0.2254486382007599,0.9986588358879088
f7735c9f,node,5,500,0,0.002,0.0,128,5,,200,300,200,100,1.0,softplus,poisson,1.0,0.05,128.0,3.0,0.998470902442932,0.990446388721466,0.2254486382007599,0.9986588358879088
19f3a445,node,10,500,0,0.002,0.0,128,5,,200,300,200,100,1.0,softplus,poisson,1.0,0.05,128.0,3.0,0.9970906376838684,0.9949016571044922,0.2265658974647522,0.9990306496620178
19f3a445,node,10,500,0,0.002,0.0,128,5,,200,300,200,100,1.0,softplus,poisson,1.0,0.05,128.0,3.0,0.9970906376838684,0.9949016571044922,0.2265658974647522,0.9990306496620178
7888a8da,node,32,500,0,0.002,0.0,128,5,,200,300,200,100,1.0,softplus,poisson,1.0,0.05,128.0,3.0,0.9756456613540648,0.993914008140564,0.2266021519899368,0.99069344997406
ae6ee5a7,node,64,500,0,0.002,0.0,128,5,,200,300,200,100,1.0,softplus,poisson,1.0,0.05,128.0,3.0,0.8799808621406555,0.9919033050537108,0.2262708842754364,0.9428931474685668
7888a8da,node,32,500,0,0.002,0.0,128,5,,200,300,200,100,1.0,softplus,poisson,1.0,0.05,128.0,3.0,0.9756456613540648,0.993914008140564,0.2266021519899368,0.99069344997406
ae6ee5a7,node,64,500,0,0.002,0.0,128,5,,200,300,200,100,1.0,softplus,poisson,1.0,0.05,128.0,3.0,0.8799808621406555,0.9919033050537108,0.2262708842754364,0.9428931474685668
f9d4a623,node,2,501,0,0.002,0.0,128,5,torch.nn.functional.softplus,200,300,200,100,1.0,softplus,poisson,1.0,0.05,128.0,3.0,0.9971268773078918,0.9678571224212646,0.2213439047336578,1.0
3dcc0bde,node,3,501,0,0.002,0.0,128,5,torch.nn.functional.softplus,200,300,200,100,1.0,softplus,poisson,1.0,0.05,128.0,3.0,0.9955072999000548,0.9767736196517944,0.2225512415170669,1.0
f9d4a623,node,2,501,0,0.002,0.0,128,5,torch.nn.functional.softplus,200,300,200,100,1.0,softplus,poisson,1.0,0.05,128.0,3.0,0.9971268773078918,0.9678571224212646,0.2213439047336578,1.0
3dcc0bde,node,3,501,0,0.002,0.0,128,5,torch.nn.functional.softplus,200,300,200,100,1.0,softplus,poisson,1.0,0.05,128.0,3.0,0.9955072999000548,0.9767736196517944,0.2225512415170669,1.0
b71b8007,node,5,501,0,0.002,0.0,128,5,torch.nn.functional.softplus,200,300,200,100,1.0,softplus,poisson,1.0,0.05,128.0,3.0,0.9984570145606996,0.9903308749198914,0.2254229933023452,0.9995356798171996
b71b8007,node,5,501,0,0.002,0.0,128,5,torch.nn.functional.softplus,200,300,200,100,1.0,softplus,poisson,1.0,0.05,128.0,3.0,0.9984570145606996,0.9903308749198914,0.2254229933023452,0.9995356798171996
d4bbc563,node,10,501,0,0.002,0.0,128,5,torch.nn.functional.softplus,200,300,200,100,1.0,softplus,poisson,1.0,0.05,128.0,3.0,0.9970272183418274,0.9944872260093688,0.2265013009309768,0.999039113521576
d4bbc563,node,10,501,0,0.002,0.0,128,5,torch.nn.functional.softplus,200,300,200,100,1.0,softplus,poisson,1.0,0.05,128.0,3.0,0.9970272183418274,0.9944872260093688,0.2265013009309768,0.999039113521576
9558aa27,node,32,501,0,0.002,0.0,128,5,torch.nn.functional.softplus,200,300,200,100,1.0,softplus,poisson,1.0,0.05,128.0,3.0,0.9749911427497864,0.9928735494613647,0.2264052927494049,0.9904763102531432
9558aa27,node,32,501,0,0.002,0.0,128,5,torch.nn.functional.softplus,200,300,200,100,1.0,softplus,poisson,1.0,0.05,128.0,3.0,0.9749911427497864,0.9928735494613647,0.2264052927494049,0.9904763102531432
c716fa68,node,64,501,0,0.002,0.0,128,5,torch.nn.functional.softplus,200,300,200,100,1.0,softplus,poisson,1.0,0.05,128.0,3.0,0.8808019757270813,0.9921646118164062,0.226322203874588,0.944242000579834
c716fa68,node,64,501,0,0.002,0.0,128,5,torch.nn.functional.softplus,200,300,200,100,1.0,softplus,poisson,1.0,0.05,128.0,3.0,0.8808019757270813,0.9921646118164062,0.226322203874588,0.944242000579834
64137f30,node,2,501,0,0.002,0.0,128,5,,200,300,200,100,1.0,softplus,poisson,1.0,0.05,128.0,3.0,0.997088611125946,0.96784907579422,0.2213430106639862,1.0
64137f30,node,2,501,0,0.002,0.0,128,5,,200,300,200,100,1.0,softplus,poisson,1.0,0.05,128.0,3.0,0.997088611125946,0.96784907579422,0.2213430106639862,1.0
92985aca,node,3,501,0,0.002,0.0,128,5,,200,300,200,100,1.0,softplus,poisson,1.0,0.05,128.0,3.0,0.995357871055603,0.976779580116272,0.2225512415170669,1.0
92985aca,node,3,501,0,0.002,0.0,128,5,,200,300,200,100,1.0,softplus,poisson,1.0,0.05,128.0,3.0,0.995357871055603,0.976779580116272,0.2225512415170669,1.0
3be8590d,node,5,501,0,0.002,0.0,128,5,,200,300,200,100,1.0,softplus,poisson,1.0,0.05,128.0,3.0,0.99839586019516,0.9903346300125122,0.2254240661859512,0.9995360970497132
3be8590d,node,5,501,0,0.002,0.0,128,5,,200,300,200,100,1.0,softplus,poisson,1.0,0.05,128.0,3.0,0.99839586019516,0.9903346300125122,0.2254240661859512,0.9995360970497132
b9a657d3,node,32,501,0,0.002,0.0,128,5,,200,300,200,100,1.0,softplus,poisson,1.0,0.05,128.0,3.0,0.9748598337173462,0.9928545951843262,0.2264015227556228,0.9896523952484132
b19a3bbc,node,10,501,0,0.002,0.0,128,5,,200,300,200,100,1.0,softplus,poisson,1.0,0.05,128.0,3.0,0.996998131275177,0.9944844245910645,0.2265020161867141,0.9990333914756776
b9a657d3,node,32,501,0,0.002,0.0,128,5,,200,300,200,100,1.0,softplus,poisson,1.0,0.05,128.0,3.0,0.9748598337173462,0.9928545951843262,0.2264015227556228,0.9896523952484132
b19a3bbc,node,10,501,0,0.002,0.0,128,5,,200,300,200,100,1.0,softplus,poisson,1.0,0.05,128.0,3.0,0.996998131275177,0.9944844245910645,0.2265020161867141,0.9990333914756776
695349be,node,64,501,0,0.002,0.0,128,5,,200,300,200,100,1.0,softplus,poisson,1.0,0.05,128.0,3.0,0.881068766117096,0.9921422004699708,0.2263152152299881,0.944542407989502
695349be,node,64,501,0,0.002,0.0,128,5,,200,300,200,100,1.0,softplus,poisson,1.0,0.05,128.0,3.0,0.881068766117096,0.9921422004699708,0.2263152152299881,0.944542407989502
b08fb16f,gru,64,500,0,0.0001,0.0001,128,5,torch.nn.functional.softplus,280,300,280,20,1.0,softplus,poisson,1.0,,,,0.8292465209960938,0.4663735330104828,0.0967587903141975,0.9967514872550964
d4c93c2c,gru,128,500,0,0.0001,0.0001,128,5,torch.nn.functional.softplus,280,300,280,20,1.0,softplus,poisson,1.0,,,,0.7932630777359009,0.5233475565910339,0.1072908788919448,0.9972323179244996
6cd9fb81,gru,256,500,0,0.0001,0.0001,128,5,torch.nn.functional.softplus,280,300,280,20,1.0,softplus,poisson,1.0,,,,0.8046620488166809,0.6606522798538208,0.1398250311613083,0.9948041439056396
9bee8551,gru,32,500,0,0.0001,0.0001,128,5,torch.nn.functional.softplus,280,300,280,20,1.0,softplus,poisson,1.0,,,,0.8806248903274536,0.489385038614273,0.0997957810759544,0.9980942606925964
141ebfef,gru,512,500,0,0.0001,0.0001,128,5,torch.nn.functional.softplus,280,300,280,20,1.0,softplus,poisson,1.0,,,,0.8298408389091492,0.7093183398246765,0.1505649834871292,0.99931538105011
99533ba3,gru,32,501,0,0.0001,0.0001,128,5,torch.nn.functional.softplus,280,300,280,20,1.0,softplus,poisson,1.0,,,,0.8901799321174622,0.4923642575740814,0.1004226058721542,0.9980628490447998
b08fb16f,gru,64,500,0,0.0001,0.0001,128,5,torch.nn.functional.softplus,280,300,280,20,1.0,softplus,poisson,1.0,,,,0.8292465209960938,0.4663735330104828,0.0967587903141975,0.9967514872550964
6cd9fb81,gru,256,500,0,0.0001,0.0001,128,5,torch.nn.functional.softplus,280,300,280,20,1.0,softplus,poisson,1.0,,,,0.8046620488166809,0.6606522798538208,0.1398250311613083,0.9948041439056396
9bee8551,gru,32,500,0,0.0001,0.0001,128,5,torch.nn.functional.softplus,280,300,280,20,1.0,softplus,poisson,1.0,,,,0.8806248903274536,0.489385038614273,0.0997957810759544,0.9980942606925964
141ebfef,gru,512,500,0,0.0001,0.0001,128,5,torch.nn.functional.softplus,280,300,280,20,1.0,softplus,poisson,1.0,,,,0.8298408389091492,0.7093183398246765,0.1505649834871292,0.99931538105011
d4c93c2c,gru,128,500,0,0.0001,0.0001,128,5,torch.nn.functional.softplus,280,300,280,20,1.0,softplus,poisson,1.0,,,,0.7932630777359009,0.5233475565910339,0.1072908788919448,0.9972323179244996
99533ba3,gru,32,501,0,0.0001,0.0001,128,5,torch.nn.functional.softplus,280,300,280,20,1.0,softplus,poisson,1.0,,,,0.8901799321174622,0.4923642575740814,0.1004226058721542,0.9980628490447998
e2ba8806,gru,64,501,0,0.0001,0.0001,128,5,torch.nn.functional.softplus,280,300,280,20,1.0,softplus,poisson,1.0,,,,0.9121124148368835,0.4173153042793274,0.082557700574398,0.997132122516632
2fe1636c,gru,128,501,0,0.0001,0.0001,128,5,torch.nn.functional.softplus,280,300,280,20,1.0,softplus,poisson,1.0,,,,0.8290951251983643,0.4478065371513366,0.0883620604872703,0.9978986382484436
2fe1636c,gru,128,501,0,0.0001,0.0001,128,5,torch.nn.functional.softplus,280,300,280,20,1.0,softplus,poisson,1.0,,,,0.8290951251983643,0.4478065371513366,0.0883620604872703,0.9978986382484436
e2ba8806,gru,64,501,0,0.0001,0.0001,128,5,torch.nn.functional.softplus,280,300,280,20,1.0,softplus,poisson,1.0,,,,0.9121124148368835,0.4173153042793274,0.082557700574398,0.997132122516632
c89d03ff,gru,256,501,0,0.0001,0.0001,128,5,torch.nn.functional.softplus,280,300,280,20,1.0,softplus,poisson,1.0,,,,0.7745296955108643,0.4574730396270752,0.0934207811951637,0.9977529644966124
c89d03ff,gru,256,501,0,0.0001,0.0001,128,5,torch.nn.functional.softplus,280,300,280,20,1.0,softplus,poisson,1.0,,,,0.7745296955108643,0.4574730396270752,0.0934207811951637,0.9977529644966124
1c2b2641,gru,512,501,0,0.0001,0.0001,128,5,torch.nn.functional.softplus,280,300,280,20,1.0,softplus,poisson,1.0,,,,0.8365561962127686,0.5375609397888184,0.1096366047859191,0.9993197917938232
1c2b2641,gru,512,501,0,0.0001,0.0001,128,5,torch.nn.functional.softplus,280,300,280,20,1.0,softplus,poisson,1.0,,,,0.8365561962127686,0.5375609397888184,0.1096366047859191,0.9993197917938232
60d37760,node,5,500,0,0.002,0.0,128,5,torch.nn.functional.softplus,280,300,280,20,1.0,softplus,poisson,1.0,0.05,128.0,3.0,0.9983736276626588,0.9899305701255798,0.2252533137798309,0.9989718794822692
833b4a48,node,32,500,0,0.002,0.0,128,5,torch.nn.functional.softplus,280,300,280,20,1.0,softplus,poisson,1.0,0.05,128.0,3.0,0.9751358032226562,0.994117021560669,0.2264857739210128,0.983628273010254
8e46ce51,node,2,500,0,0.002,0.0,128,5,torch.nn.functional.softplus,280,300,280,20,1.0,softplus,poisson,1.0,0.05,128.0,3.0,0.9977766871452332,0.9686850905418396,0.221357062458992,1.0
de05d2bf,node,3,500,0,0.002,0.0,128,5,torch.nn.functional.softplus,280,300,280,20,1.0,softplus,poisson,1.0,0.05,128.0,3.0,0.9985772371292114,0.9796417951583862,0.223042219877243,1.0
e7d7f51c,node,10,500,0,0.002,0.0,128,5,torch.nn.functional.softplus,280,300,280,20,1.0,softplus,poisson,1.0,0.05,128.0,3.0,0.9973187446594238,0.9938628673553468,0.2262545675039291,0.999215006828308
8e46ce51,node,2,500,0,0.002,0.0,128,5,torch.nn.functional.softplus,280,300,280,20,1.0,softplus,poisson,1.0,0.05,128.0,3.0,0.9977766871452332,0.9686850905418396,0.221357062458992,1.0
60d37760,node,5,500,0,0.002,0.0,128,5,torch.nn.functional.softplus,280,300,280,20,1.0,softplus,poisson,1.0,0.05,128.0,3.0,0.9983736276626588,0.9899305701255798,0.2252533137798309,0.9989718794822692
e7d7f51c,node,10,500,0,0.002,0.0,128,5,torch.nn.functional.softplus,280,300,280,20,1.0,softplus,poisson,1.0,0.05,128.0,3.0,0.9973187446594238,0.9938628673553468,0.2262545675039291,0.999215006828308
de05d2bf,node,3,500,0,0.002,0.0,128,5,torch.nn.functional.softplus,280,300,280,20,1.0,softplus,poisson,1.0,0.05,128.0,3.0,0.9985772371292114,0.9796417951583862,0.223042219877243,1.0
833b4a48,node,32,500,0,0.002,0.0,128,5,torch.nn.functional.softplus,280,300,280,20,1.0,softplus,poisson,1.0,0.05,128.0,3.0,0.9751358032226562,0.994117021560669,0.2264857739210128,0.983628273010254
1427d2f3,node,64,500,0,0.002,0.0,128,5,torch.nn.functional.softplus,280,300,280,20,1.0,softplus,poisson,1.0,0.05,128.0,3.0,0.8594866991043091,0.9915620684623718,0.2260722070932388,0.911969780921936
1427d2f3,node,64,500,0,0.002,0.0,128,5,torch.nn.functional.softplus,280,300,280,20,1.0,softplus,poisson,1.0,0.05,128.0,3.0,0.8594866991043091,0.9915620684623718,0.2260722070932388,0.911969780921936
332f2ac9,node,2,500,0,0.002,0.0,128,5,,280,300,280,20,1.0,softplus,poisson,1.0,0.05,128.0,3.0,0.9976608157157898,0.9686790108680724,0.2213567048311233,1.0
332f2ac9,node,2,500,0,0.002,0.0,128,5,,280,300,280,20,1.0,softplus,poisson,1.0,0.05,128.0,3.0,0.9976608157157898,0.9686790108680724,0.2213567048311233,1.0
ba82a6d1,node,3,500,0,0.002,0.0,128,5,,280,300,280,20,1.0,softplus,poisson,1.0,0.05,128.0,3.0,0.9985552430152892,0.9796425700187684,0.2230423837900161,1.0
ba82a6d1,node,3,500,0,0.002,0.0,128,5,,280,300,280,20,1.0,softplus,poisson,1.0,0.05,128.0,3.0,0.9985552430152892,0.9796425700187684,0.2230423837900161,1.0
4538ffaf,node,5,500,0,0.002,0.0,128,5,,280,300,280,20,1.0,softplus,poisson,1.0,0.05,128.0,3.0,0.9983782172203064,0.9899306297302246,0.2252547442913055,0.9989711046218872
78234dfb,node,10,500,0,0.002,0.0,128,5,,280,300,280,20,1.0,softplus,poisson,1.0,0.05,128.0,3.0,0.9972668886184692,0.9938620328903198,0.226254403591156,0.9992140531539916
4538ffaf,node,5,500,0,0.002,0.0,128,5,,280,300,280,20,1.0,softplus,poisson,1.0,0.05,128.0,3.0,0.9983782172203064,0.9899306297302246,0.2252547442913055,0.9989711046218872
78234dfb,node,10,500,0,0.002,0.0,128,5,,280,300,280,20,1.0,softplus,poisson,1.0,0.05,128.0,3.0,0.9972668886184692,0.9938620328903198,0.226254403591156,0.9992140531539916
0c340819,node,32,500,0,0.002,0.0,128,5,,280,300,280,20,1.0,softplus,poisson,1.0,0.05,128.0,3.0,0.9750730395317078,0.9940974712371826,0.2264832705259323,0.9836379289627076
0c340819,node,32,500,0,0.002,0.0,128,5,,280,300,280,20,1.0,softplus,poisson,1.0,0.05,128.0,3.0,0.9750730395317078,0.9940974712371826,0.2264832705259323,0.9836379289627076
f1f50dbb,node,64,500,0,0.002,0.0,128,5,,280,300,280,20,1.0,softplus,poisson,1.0,0.05,128.0,3.0,0.8593476414680481,0.9915709495544434,0.2260777652263641,0.9120347499847412
f1f50dbb,node,64,500,0,0.002,0.0,128,5,,280,300,280,20,1.0,softplus,poisson,1.0,0.05,128.0,3.0,0.8593476414680481,0.9915709495544434,0.2260777652263641,0.9120347499847412
f3657ba0,node,2,501,0,0.002,0.0,128,5,torch.nn.functional.softplus,280,300,280,20,1.0,softplus,poisson,1.0,0.05,128.0,3.0,0.9974672198295592,0.9681687355041504,0.2213181108236313,1.0
f3657ba0,node,2,501,0,0.002,0.0,128,5,torch.nn.functional.softplus,280,300,280,20,1.0,softplus,poisson,1.0,0.05,128.0,3.0,0.9974672198295592,0.9681687355041504,0.2213181108236313,1.0
ea333e5e,node,3,501,0,0.002,0.0,128,5,torch.nn.functional.softplus,280,300,280,20,1.0,softplus,poisson,1.0,0.05,128.0,3.0,0.9985013008117676,0.9793704748153688,0.2230350375175476,1.0
ea333e5e,node,3,501,0,0.002,0.0,128,5,torch.nn.functional.softplus,280,300,280,20,1.0,softplus,poisson,1.0,0.05,128.0,3.0,0.9985013008117676,0.9793704748153688,0.2230350375175476,1.0
a83d6aff,node,5,501,0,0.002,0.0,128,5,torch.nn.functional.softplus,280,300,280,20,1.0,softplus,poisson,1.0,0.05,128.0,3.0,0.9983240365982056,0.9899370670318604,0.2252759486436844,0.9989279508590698
a83d6aff,node,5,501,0,0.002,0.0,128,5,torch.nn.functional.softplus,280,300,280,20,1.0,softplus,poisson,1.0,0.05,128.0,3.0,0.9983240365982056,0.9899370670318604,0.2252759486436844,0.9989279508590698
9b54d561,node,10,501,0,0.002,0.0,128,5,torch.nn.functional.softplus,280,300,280,20,1.0,softplus,poisson,1.0,0.05,128.0,3.0,0.9971689581871032,0.9935532212257384,0.2261718213558197,0.99925297498703
9b54d561,node,10,501,0,0.002,0.0,128,5,torch.nn.functional.softplus,280,300,280,20,1.0,softplus,poisson,1.0,0.05,128.0,3.0,0.9971689581871032,0.9935532212257384,0.2261718213558197,0.99925297498703
490f3ad0,node,32,501,0,0.002,0.0,128,5,torch.nn.functional.softplus,280,300,280,20,1.0,softplus,poisson,1.0,0.05,128.0,3.0,0.9751394391059875,0.9943105578422546,0.2265114486217498,0.98335862159729
490f3ad0,node,32,501,0,0.002,0.0,128,5,torch.nn.functional.softplus,280,300,280,20,1.0,softplus,poisson,1.0,0.05,128.0,3.0,0.9751394391059875,0.9943105578422546,0.2265114486217498,0.98335862159729
ace7ed32,node,64,501,0,0.002,0.0,128,5,torch.nn.functional.softplus,280,300,280,20,1.0,softplus,poisson,1.0,0.05,128.0,3.0,0.8575537800788879,0.992033064365387,0.2261553108692169,0.9104511737823486
ace7ed32,node,64,501,0,0.002,0.0,128,5,torch.nn.functional.softplus,280,300,280,20,1.0,softplus,poisson,1.0,0.05,128.0,3.0,0.8575537800788879,0.992033064365387,0.2261553108692169,0.9104511737823486
a8626884,node,2,501,0,0.002,0.0,128,5,,280,300,280,20,1.0,softplus,poisson,1.0,0.05,128.0,3.0,0.9975282549858092,0.968167006969452,0.2213172018527984,1.0
a8626884,node,2,501,0,0.002,0.0,128,5,,280,300,280,20,1.0,softplus,poisson,1.0,0.05,128.0,3.0,0.9975282549858092,0.968167006969452,0.2213172018527984,1.0
8558d258,node,3,501,0,0.002,0.0,128,5,,280,300,280,20,1.0,softplus,poisson,1.0,0.05,128.0,3.0,0.998496949672699,0.9793700575828552,0.223031610250473,1.0
8558d258,node,3,501,0,0.002,0.0,128,5,,280,300,280,20,1.0,softplus,poisson,1.0,0.05,128.0,3.0,0.998496949672699,0.9793700575828552,0.223031610250473,1.0
36b458f6,node,5,501,0,0.002,0.0,128,5,,280,300,280,20,1.0,softplus,poisson,1.0,0.05,128.0,3.0,0.9983379244804382,0.9899415373802184,0.2252770215272903,0.9989299774169922
36b458f6,node,5,501,0,0.002,0.0,128,5,,280,300,280,20,1.0,softplus,poisson,1.0,0.05,128.0,3.0,0.9983379244804382,0.9899415373802184,0.2252770215272903,0.9989299774169922
57505e5a,node,10,501,0,0.002,0.0,128,5,,280,300,280,20,1.0,softplus,poisson,1.0,0.05,128.0,3.0,0.9972436428070068,0.9935518503189088,0.2261739820241928,0.999247670173645
57505e5a,node,10,501,0,0.002,0.0,128,5,,280,300,280,20,1.0,softplus,poisson,1.0,0.05,128.0,3.0,0.9972436428070068,0.9935518503189088,0.2261739820241928,0.999247670173645
a4b6b8ca,node,32,501,0,0.002,0.0,128,5,,280,300,280,20,1.0,softplus,poisson,1.0,0.05,128.0,3.0,0.9752342700958252,0.9943188428878784,0.2265098392963409,0.9834146499633788
a4b6b8ca,node,32,501,0,0.002,0.0,128,5,,280,300,280,20,1.0,softplus,poisson,1.0,0.05,128.0,3.0,0.9752342700958252,0.9943188428878784,0.2265098392963409,0.9834146499633788
2e978976,node,64,501,0,0.002,0.0,128,5,,280,300,280,20,1.0,softplus,poisson,1.0,0.05,128.0,3.0,0.8577032685279846,0.9920700788497924,0.2261624932289123,0.9103133082389832
2e978976,node,64,501,0,0.002,0.0,128,5,,280,300,280,20,1.0,softplus,poisson,1.0,0.05,128.0,3.0,0.8577032685279846,0.9920700788497924,0.2261624932289123,0.9103133082389832
a90fc898,gru,256,500,0,0.0001,0.0001,128,21,torch.nn.functional.softplus,250,300,250,50,1.0,softplus,poisson,1.0,,,,0.7662543654441833,0.6153337359428406,0.1595906466245651,0.9996552467346193
c75c4553,gru,512,500,0,0.0001,0.0001,128,21,torch.nn.functional.softplus,250,300,250,50,1.0,softplus,poisson,1.0,,,,0.7693901658058167,0.6807267665863037,0.1833233088254928,0.9996070265769958
bb0b0e16,gru,128,500,0,0.0001,0.0001,128,21,torch.nn.functional.softplus,250,300,250,50,1.0,softplus,poisson,1.0,,,,0.7000076770782471,0.4410396218299866,0.1100940778851509,0.9994781613349916
1d767d43,gru,32,500,0,0.0001,0.0001,128,21,torch.nn.functional.softplus,250,300,250,50,1.0,softplus,poisson,1.0,,,,0.5065852999687195,0.3702193796634674,0.0928480997681617,0.9987452030181884
cfe4ccea,gru,64,500,0,0.0001,0.0001,128,21,torch.nn.functional.softplus,250,300,250,50,1.0,softplus,poisson,1.0,,,,0.6990727782249451,0.3982123434543609,0.0974068790674209,0.9978654980659484
0fab825a,gru,32,500,0,0.0001,0.0001,128,21,,250,300,250,50,1.0,softplus,poisson,1.0,,,,0.5145257711410522,0.3750092685222626,0.0940761566162109,0.9987552165985109
c75c4553,gru,512,500,0,0.0001,0.0001,128,21,torch.nn.functional.softplus,250,300,250,50,1.0,softplus,poisson,1.0,,,,0.7693901658058167,0.6807267665863037,0.1833233088254928,0.9996070265769958
a90fc898,gru,256,500,0,0.0001,0.0001,128,21,torch.nn.functional.softplus,250,300,250,50,1.0,softplus,poisson,1.0,,,,0.7662543654441833,0.6153337359428406,0.1595906466245651,0.9996552467346193
bb0b0e16,gru,128,500,0,0.0001,0.0001,128,21,torch.nn.functional.softplus,250,300,250,50,1.0,softplus,poisson,1.0,,,,0.7000076770782471,0.4410396218299866,0.1100940778851509,0.9994781613349916
0fab825a,gru,32,500,0,0.0001,0.0001,128,21,,250,300,250,50,1.0,softplus,poisson,1.0,,,,0.5145257711410522,0.3750092685222626,0.0940761566162109,0.9987552165985109
cfe4ccea,gru,64,500,0,0.0001,0.0001,128,21,torch.nn.functional.softplus,250,300,250,50,1.0,softplus,poisson,1.0,,,,0.6990727782249451,0.3982123434543609,0.0974068790674209,0.9978654980659484
1d767d43,gru,32,500,0,0.0001,0.0001,128,21,torch.nn.functional.softplus,250,300,250,50,1.0,softplus,poisson,1.0,,,,0.5065852999687195,0.3702193796634674,0.0928480997681617,0.9987452030181884
b08bd986,gru,64,500,0,0.0001,0.0001,128,21,,250,300,250,50,1.0,softplus,poisson,1.0,,,,0.68841552734375,0.3929940164089203,0.0961592867970466,0.9978606104850768
b08bd986,gru,64,500,0,0.0001,0.0001,128,21,,250,300,250,50,1.0,softplus,poisson,1.0,,,,0.68841552734375,0.3929940164089203,0.0961592867970466,0.9978606104850768
1cf54d8a,gru,128,500,0,0.0001,0.0001,128,21,,250,300,250,50,1.0,softplus,poisson,1.0,,,,0.6965371966362,0.4357289671897888,0.1088475435972213,0.9994805455207824
1cf54d8a,gru,128,500,0,0.0001,0.0001,128,21,,250,300,250,50,1.0,softplus,poisson,1.0,,,,0.6965371966362,0.4357289671897888,0.1088475435972213,0.9994805455207824
fb2a0050,gru,256,500,0,0.0001,0.0001,128,21,,250,300,250,50,1.0,softplus,poisson,1.0,,,,0.7662824988365173,0.6153461933135986,0.1596155315637588,0.999655544757843
fb2a0050,gru,256,500,0,0.0001,0.0001,128,21,,250,300,250,50,1.0,softplus,poisson,1.0,,,,0.7662824988365173,0.6153461933135986,0.1596155315637588,0.999655544757843
beb045e5,gru,512,500,0,0.0001,0.0001,128,21,,250,300,250,50,1.0,softplus,poisson,1.0,,,,0.7695460915565491,0.6809680461883545,0.1833837628364563,0.9996069073677064
beb045e5,gru,512,500,0,0.0001,0.0001,128,21,,250,300,250,50,1.0,softplus,poisson,1.0,,,,0.7695460915565491,0.6809680461883545,0.1833837628364563,0.9996069073677064
ff66ece8,gru,32,501,0,0.0001,0.0001,128,21,torch.nn.functional.softplus,250,300,250,50,1.0,softplus,poisson,1.0,,,,0.6743136644363403,0.4884850084781647,0.1223871558904647,0.9989932179450988
ff66ece8,gru,32,501,0,0.0001,0.0001,128,21,torch.nn.functional.softplus,250,300,250,50,1.0,softplus,poisson,1.0,,,,0.6743136644363403,0.4884850084781647,0.1223871558904647,0.9989932179450988
ab098499,gru,64,501,0,0.0001,0.0001,128,21,torch.nn.functional.softplus,250,300,250,50,1.0,softplus,poisson,1.0,,,,0.3018513023853302,0.1231598109006881,0.0316328406333923,0.9973423480987548
ab098499,gru,64,501,0,0.0001,0.0001,128,21,torch.nn.functional.softplus,250,300,250,50,1.0,softplus,poisson,1.0,,,,0.3018513023853302,0.1231598109006881,0.0316328406333923,0.9973423480987548
79a68ce9,gru,128,501,0,0.0001,0.0001,128,21,torch.nn.functional.softplus,250,300,250,50,1.0,softplus,poisson,1.0,,,,0.7454588413238525,0.4943939447402954,0.1230589523911476,0.9995033144950868
79a68ce9,gru,128,501,0,0.0001,0.0001,128,21,torch.nn.functional.softplus,250,300,250,50,1.0,softplus,poisson,1.0,,,,0.7454588413238525,0.4943939447402954,0.1230589523911476,0.9995033144950868
9c7ed973,gru,256,501,0,0.0001,0.0001,128,21,torch.nn.functional.softplus,250,300,250,50,1.0,softplus,poisson,1.0,,,,0.7864907383918762,0.6287270188331604,0.1616213321685791,0.9996307492256165
9c7ed973,gru,256,501,0,0.0001,0.0001,128,21,torch.nn.functional.softplus,250,300,250,50,1.0,softplus,poisson,1.0,,,,0.7864907383918762,0.6287270188331604,0.1616213321685791,0.9996307492256165
ccdb1b61,gru,512,501,0,0.0001,0.0001,128,21,torch.nn.functional.softplus,250,300,250,50,1.0,softplus,poisson,1.0,,,,0.7889987230300903,0.6529698371887207,0.1753147095441818,0.999506413936615
ccdb1b61,gru,512,501,0,0.0001,0.0001,128,21,torch.nn.functional.softplus,250,300,250,50,1.0,softplus,poisson,1.0,,,,0.7889987230300903,0.6529698371887207,0.1753147095441818,0.999506413936615
bd1e055c,gru,32,501,0,0.0001,0.0001,128,21,,250,300,250,50,1.0,softplus,poisson,1.0,,,,0.6750221848487854,0.4887324571609497,0.1224267929792404,0.99899023771286
bd1e055c,gru,32,501,0,0.0001,0.0001,128,21,,250,300,250,50,1.0,softplus,poisson,1.0,,,,0.6750221848487854,0.4887324571609497,0.1224267929792404,0.99899023771286
5786594d,gru,64,501,0,0.0001,0.0001,128,21,,250,300,250,50,1.0,softplus,poisson,1.0,,,,0.2949792444705963,0.1175659596920013,0.0302967112511396,0.9972964525222778
5786594d,gru,64,501,0,0.0001,0.0001,128,21,,250,300,250,50,1.0,softplus,poisson,1.0,,,,0.2949792444705963,0.1175659596920013,0.0302967112511396,0.9972964525222778
d8b3e0a2,gru,128,501,0,0.0001,0.0001,128,21,,250,300,250,50,1.0,softplus,poisson,1.0,,,,0.7425190210342407,0.4926669001579284,0.1226625218987464,0.9995056390762328
d8b3e0a2,gru,128,501,0,0.0001,0.0001,128,21,,250,300,250,50,1.0,softplus,poisson,1.0,,,,0.7425190210342407,0.4926669001579284,0.1226625218987464,0.9995056390762328
3c418561,gru,256,501,0,0.0001,0.0001,128,21,,250,300,250,50,1.0,softplus,poisson,1.0,,,,0.7843112349510193,0.6270068883895874,0.1612753868103027,0.9996315836906432
3c418561,gru,256,501,0,0.0001,0.0001,128,21,,250,300,250,50,1.0,softplus,poisson,1.0,,,,0.7843112349510193,0.6270068883895874,0.1612753868103027,0.9996315836906432
46cff600,gru,512,501,0,0.0001,0.0001,128,21,,250,300,250,50,1.0,softplus,poisson,1.0,,,,0.7893113493919373,0.6525838375091553,0.1752116084098816,0.999505341053009
46cff600,gru,512,501,0,0.0001,0.0001,128,21,,250,300,250,50,1.0,softplus,poisson,1.0,,,,0.7893113493919373,0.6525838375091553,0.1752116084098816,0.999505341053009
012a3935,gnode,10,500,0,0.002,0.0,128,21,torch.nn.functional.softplus,280,300,200,100,1.0,softplus,poisson,1.0,0.1,64.0,3.0,,,,
f6d6e2ec,gnode,3,500,0,0.002,0.0,128,21,torch.nn.functional.softplus,280,300,200,100,1.0,softplus,poisson,1.0,0.1,64.0,3.0,,,,
a11c8872,gnode,2,500,0,0.002,0.0,128,21,torch.nn.functional.softplus,280,300,200,100,1.0,softplus,poisson,1.0,0.1,64.0,3.0,,,,
2752b51b,gnode,5,500,0,0.002,0.0,128,21,torch.nn.functional.softplus,280,300,200,100,1.0,softplus,poisson,1.0,0.1,64.0,3.0,,,,
9fb04573,gnode,64,500,0,0.002,0.0,128,21,torch.nn.functional.softplus,280,300,200,100,1.0,softplus,poisson,1.0,0.1,64.0,3.0,,,,
50d592ec,gnode,32,500,0,0.002,0.0,128,21,torch.nn.functional.softplus,280,300,200,100,1.0,softplus,poisson,1.0,0.1,64.0,3.0,,,,
a11c8872,gnode,2,500,0,0.002,0.0,128,21,torch.nn.functional.softplus,280,300,200,100,1.0,softplus,poisson,1.0,0.1,64.0,3.0,,,,
50d592ec,gnode,32,500,0,0.002,0.0,128,21,torch.nn.functional.softplus,280,300,200,100,1.0,softplus,poisson,1.0,0.1,64.0,3.0,,,,
012a3935,gnode,10,500,0,0.002,0.0,128,21,torch.nn.functional.softplus,280,300,200,100,1.0,softplus,poisson,1.0,0.1,64.0,3.0,,,,
f6d6e2ec,gnode,3,500,0,0.002,0.0,128,21,torch.nn.functional.softplus,280,300,200,100,1.0,softplus,poisson,1.0,0.1,64.0,3.0,,,,
2752b51b,gnode,5,500,0,0.002,0.0,128,21,torch.nn.functional.softplus,280,300,200,100,1.0,softplus,poisson,1.0,0.1,64.0,3.0,,,,
9fb04573,gnode,64,500,0,0.002,0.0,128,21,torch.nn.functional.softplus,280,300,200,100,1.0,softplus,poisson,1.0,0.1,64.0,3.0,,,,
f79e0783,gnode,2,501,0,0.002,0.0,128,21,torch.nn.functional.softplus,280,300,200,100,1.0,softplus,poisson,1.0,0.1,64.0,3.0,,,,
7059fe67,gnode,10,501,0,0.002,0.0,128,21,torch.nn.functional.softplus,280,300,200,100,1.0,softplus,poisson,1.0,0.1,64.0,3.0,,,,
cc164747,gnode,64,501,0,0.002,0.0,128,21,torch.nn.functional.softplus,280,300,200,100,1.0,softplus,poisson,1.0,0.1,64.0,3.0,,,,
83e92313,gnode,5,501,0,0.002,0.0,128,21,torch.nn.functional.softplus,280,300,200,100,1.0,softplus,poisson,1.0,0.1,64.0,3.0,,,,
7bba11d7,gnode,32,501,0,0.002,0.0,128,21,torch.nn.functional.softplus,280,300,200,100,1.0,softplus,poisson,1.0,0.1,64.0,3.0,,,,
259a0163,gnode,3,501,0,0.002,0.0,128,21,torch.nn.functional.softplus,280,300,200,100,1.0,softplus,poisson,1.0,0.1,64.0,3.0,,,,
83e92313,gnode,5,501,0,0.002,0.0,128,21,torch.nn.functional.softplus,280,300,200,100,1.0,softplus,poisson,1.0,0.1,64.0,3.0,,,,
cc164747,gnode,64,501,0,0.002,0.0,128,21,torch.nn.functional.softplus,280,300,200,100,1.0,softplus,poisson,1.0,0.1,64.0,3.0,,,,
7059fe67,gnode,10,501,0,0.002,0.0,128,21,torch.nn.functional.softplus,280,300,200,100,1.0,softplus,poisson,1.0,0.1,64.0,3.0,,,,
f79e0783,gnode,2,501,0,0.002,0.0,128,21,torch.nn.functional.softplus,280,300,200,100,1.0,softplus,poisson,1.0,0.1,64.0,3.0,,,,
7bba11d7,gnode,32,501,0,0.002,0.0,128,21,torch.nn.functional.softplus,280,300,200,100,1.0,softplus,poisson,1.0,0.1,64.0,3.0,,,,
259a0163,gnode,3,501,0,0.002,0.0,128,21,torch.nn.functional.softplus,280,300,200,100,1.0,softplus,poisson,1.0,0.1,64.0,3.0,,,,
f741e874,gnode,64,500,0,0.002,0.0,128,21,torch.nn.functional.softplus,200,300,200,100,1.0,softplus,poisson,1.0,0.1,64.0,3.0,0.7250851988792419,0.9949243664741516,0.2734686136245727,0.8289747834205627
9cc4086f,gnode,3,500,0,0.002,0.0,128,21,torch.nn.functional.softplus,200,300,200,100,1.0,softplus,poisson,1.0,0.1,64.0,3.0,0.9815545082092284,0.9985865354537964,0.2739430963993072,0.999964714050293
a5d99819,gnode,32,500,0,0.002,0.0,128,21,torch.nn.functional.softplus,200,300,200,100,1.0,softplus,poisson,1.0,0.1,64.0,3.0,0.9013886451721193,0.9967837929725648,0.2737063765525818,0.8578937649726868
bc117a87,gnode,2,500,0,0.002,0.0,128,21,torch.nn.functional.softplus,200,300,200,100,1.0,softplus,poisson,1.0,0.1,64.0,3.0,0.9861538410186768,0.999436378479004,0.2740353345870971,1.0
139f0ce9,gnode,5,500,0,0.002,0.0,128,21,torch.nn.functional.softplus,200,300,200,100,1.0,softplus,poisson,1.0,0.1,64.0,3.0,0.9804762005805968,0.9987450242042542,0.2740019261837005,0.9998313188552856
bd5f9f30,gnode,10,500,0,0.002,0.0,128,21,torch.nn.functional.softplus,200,300,200,100,1.0,softplus,poisson,1.0,0.1,64.0,3.0,0.9771947264671326,0.9990947246551514,0.2740806341171264,0.9978119730949402
9cc4086f,gnode,3,500,0,0.002,0.0,128,21,torch.nn.functional.softplus,200,300,200,100,1.0,softplus,poisson,1.0,0.1,64.0,3.0,0.9815545082092284,0.9985865354537964,0.2739430963993072,0.999964714050293
f741e874,gnode,64,500,0,0.002,0.0,128,21,torch.nn.functional.softplus,200,300,200,100,1.0,softplus,poisson,1.0,0.1,64.0,3.0,0.7250851988792419,0.9949243664741516,0.2734686136245727,0.8289747834205627
a5d99819,gnode,32,500,0,0.002,0.0,128,21,torch.nn.functional.softplus,200,300,200,100,1.0,softplus,poisson,1.0,0.1,64.0,3.0,0.9013886451721193,0.9967837929725648,0.2737063765525818,0.8578937649726868
139f0ce9,gnode,5,500,0,0.002,0.0,128,21,torch.nn.functional.softplus,200,300,200,100,1.0,softplus,poisson,1.0,0.1,64.0,3.0,0.9804762005805968,0.9987450242042542,0.2740019261837005,0.9998313188552856
bc117a87,gnode,2,500,0,0.002,0.0,128,21,torch.nn.functional.softplus,200,300,200,100,1.0,softplus,poisson,1.0,0.1,64.0,3.0,0.9861538410186768,0.999436378479004,0.2740353345870971,1.0
bd5f9f30,gnode,10,500,0,0.002,0.0,128,21,torch.nn.functional.softplus,200,300,200,100,1.0,softplus,poisson,1.0,0.1,64.0,3.0,0.9771947264671326,0.9990947246551514,0.2740806341171264,0.9978119730949402
17674d60,gnode,2,501,0,0.002,0.0,128,21,torch.nn.functional.softplus,200,300,200,100,1.0,softplus,poisson,1.0,0.1,64.0,3.0,0.98545503616333,0.998738408088684,0.2739388346672058,1.0
17674d60,gnode,2,501,0,0.002,0.0,128,21,torch.nn.functional.softplus,200,300,200,100,1.0,softplus,poisson,1.0,0.1,64.0,3.0,0.98545503616333,0.998738408088684,0.2739388346672058,1.0
1a48ba60,gnode,3,501,0,0.002,0.0,128,21,torch.nn.functional.softplus,200,300,200,100,1.0,softplus,poisson,1.0,0.1,64.0,3.0,0.9804343581199646,0.9985167980194092,0.2738937139511108,0.9999660849571228
1a48ba60,gnode,3,501,0,0.002,0.0,128,21,torch.nn.functional.softplus,200,300,200,100,1.0,softplus,poisson,1.0,0.1,64.0,3.0,0.9804343581199646,0.9985167980194092,0.2738937139511108,0.9999660849571228
5ed71445,gnode,5,501,0,0.002,0.0,128,21,torch.nn.functional.softplus,200,300,200,100,1.0,softplus,poisson,1.0,0.1,64.0,3.0,0.979843020439148,0.9984191656112672,0.2738855183124542,0.9998423457145692
c5437787,gnode,10,501,0,0.002,0.0,128,21,torch.nn.functional.softplus,200,300,200,100,1.0,softplus,poisson,1.0,0.1,64.0,3.0,0.9766390919685364,0.9982017278671264,0.2739157378673553,0.9978435039520264
5ed71445,gnode,5,501,0,0.002,0.0,128,21,torch.nn.functional.softplus,200,300,200,100,1.0,softplus,poisson,1.0,0.1,64.0,3.0,0.979843020439148,0.9984191656112672,0.2738855183124542,0.9998423457145692
c5437787,gnode,10,501,0,0.002,0.0,128,21,torch.nn.functional.softplus,200,300,200,100,1.0,softplus,poisson,1.0,0.1,64.0,3.0,0.9766390919685364,0.9982017278671264,0.2739157378673553,0.9978435039520264
685fd0ab,gnode,32,501,0,0.002,0.0,128,21,torch.nn.functional.softplus,200,300,200,100,1.0,softplus,poisson,1.0,0.1,64.0,3.0,0.9014307856559752,0.996687114238739,0.2736950218677521,0.8563026189804077
685fd0ab,gnode,32,501,0,0.002,0.0,128,21,torch.nn.functional.softplus,200,300,200,100,1.0,softplus,poisson,1.0,0.1,64.0,3.0,0.9014307856559752,0.996687114238739,0.2736950218677521,0.8563026189804077
da23dded,gnode,64,501,0,0.002,0.0,128,21,torch.nn.functional.softplus,200,300,200,100,1.0,softplus,poisson,1.0,0.1,64.0,3.0,0.724591851234436,0.9945882558822632,0.2734172344207763,0.8312154412269592
da23dded,gnode,64,501,0,0.002,0.0,128,21,torch.nn.functional.softplus,200,300,200,100,1.0,softplus,poisson,1.0,0.1,64.0,3.0,0.724591851234436,0.9945882558822632,0.2734172344207763,0.8312154412269592
0346e5e1,fr,256,500,0,0.0001,0.0001,128,21,torch.nn.functional.softplus,200,300,200,100,1.0,softplus,poisson,1.0,,,,0.6674314141273499,0.590938925743103,0.1507807374000549,0.9992705583572388
6b3531ea,fr,32,500,0,0.0001,0.0001,128,21,,200,300,200,100,1.0,softplus,poisson,1.0,,,,0.7525493502616882,0.4209744930267334,0.1016754880547523,0.9980400800704956
d77eca26,fr,128,500,0,0.0001,0.0001,128,21,torch.nn.functional.softplus,200,300,200,100,1.0,softplus,poisson,1.0,,,,0.6688188910484314,0.5308244228363037,0.1307615637779235,0.9985702633857728
cb262021,fr,32,500,0,0.0001,0.0001,128,21,torch.nn.functional.softplus,200,300,200,100,1.0,softplus,poisson,1.0,,,,0.7518059611320496,0.4209400117397308,0.1016891673207283,0.998049020767212
5d21cdb9,fr,512,500,0,0.0001,0.0001,128,21,torch.nn.functional.softplus,200,300,200,100,1.0,softplus,poisson,1.0,,,,0.9179543852806092,0.8313489556312561,0.2239361405372619,0.9853476285934448
226a1496,fr,64,500,0,0.0001,0.0001,128,21,torch.nn.functional.softplus,200,300,200,100,1.0,softplus,poisson,1.0,,,,0.6935294270515442,0.4609693884849548,0.1132733523845672,0.9958010911941528
6b3531ea,fr,32,500,0,0.0001,0.0001,128,21,,200,300,200,100,1.0,softplus,poisson,1.0,,,,0.7525493502616882,0.4209744930267334,0.1016754880547523,0.9980400800704956
0346e5e1,fr,256,500,0,0.0001,0.0001,128,21,torch.nn.functional.softplus,200,300,200,100,1.0,softplus,poisson,1.0,,,,0.6674314141273499,0.590938925743103,0.1507807374000549,0.9992705583572388
d77eca26,fr,128,500,0,0.0001,0.0001,128,21,torch.nn.functional.softplus,200,300,200,100,1.0,softplus,poisson,1.0,,,,0.6688188910484314,0.5308244228363037,0.1307615637779235,0.9985702633857728
cb262021,fr,32,500,0,0.0001,0.0001,128,21,torch.nn.functional.softplus,200,300,200,100,1.0,softplus,poisson,1.0,,,,0.7518059611320496,0.4209400117397308,0.1016891673207283,0.998049020767212
5d21cdb9,fr,512,500,0,0.0001,0.0001,128,21,torch.nn.functional.softplus,200,300,200,100,1.0,softplus,poisson,1.0,,,,0.9179543852806092,0.8313489556312561,0.2239361405372619,0.9853476285934448
226a1496,fr,64,500,0,0.0001,0.0001,128,21,torch.nn.functional.softplus,200,300,200,100,1.0,softplus,poisson,1.0,,,,0.6935294270515442,0.4609693884849548,0.1132733523845672,0.9958010911941528
8db5b72f,fr,64,500,0,0.0001,0.0001,128,21,,200,300,200,100,1.0,softplus,poisson,1.0,,,,0.6922239661216736,0.4605668783187866,0.1131948009133338,0.9958118796348572
8db5b72f,fr,64,500,0,0.0001,0.0001,128,21,,200,300,200,100,1.0,softplus,poisson,1.0,,,,0.6922239661216736,0.4605668783187866,0.1131948009133338,0.9958118796348572
3a31f388,fr,128,500,0,0.0001,0.0001,128,21,,200,300,200,100,1.0,softplus,poisson,1.0,,,,0.6683812141418457,0.5303843021392822,0.130662590265274,0.9985700845718384
3a31f388,fr,128,500,0,0.0001,0.0001,128,21,,200,300,200,100,1.0,softplus,poisson,1.0,,,,0.6683812141418457,0.5303843021392822,0.130662590265274,0.9985700845718384
9123938b,fr,256,500,0,0.0001,0.0001,128,21,,200,300,200,100,1.0,softplus,poisson,1.0,,,,0.6673657298088074,0.591010332107544,0.1508034765720367,0.9992709159851074
9123938b,fr,256,500,0,0.0001,0.0001,128,21,,200,300,200,100,1.0,softplus,poisson,1.0,,,,0.6673657298088074,0.591010332107544,0.1508034765720367,0.9992709159851074
491f4d12,fr,512,500,0,0.0001,0.0001,128,21,,200,300,200,100,1.0,softplus,poisson,1.0,,,,0.9179583787918092,0.8313596844673157,0.2239388078451156,0.9853484034538268
491f4d12,fr,512,500,0,0.0001,0.0001,128,21,,200,300,200,100,1.0,softplus,poisson,1.0,,,,0.9179583787918092,0.8313596844673157,0.2239388078451156,0.9853484034538268
5db28766,fr,32,501,0,0.0001,0.0001,128,21,torch.nn.functional.softplus,200,300,200,100,1.0,softplus,poisson,1.0,,,,0.748973548412323,0.4218825995922088,0.1018979772925376,0.99806547164917
5db28766,fr,32,501,0,0.0001,0.0001,128,21,torch.nn.functional.softplus,200,300,200,100,1.0,softplus,poisson,1.0,,,,0.748973548412323,0.4218825995922088,0.1018979772925376,0.99806547164917
ab17c719,fr,64,501,0,0.0001,0.0001,128,21,torch.nn.functional.softplus,200,300,200,100,1.0,softplus,poisson,1.0,,,,0.5642573237419128,0.3432947695255279,0.0841824635863304,0.9952634572982788
ab17c719,fr,64,501,0,0.0001,0.0001,128,21,torch.nn.functional.softplus,200,300,200,100,1.0,softplus,poisson,1.0,,,,0.5642573237419128,0.3432947695255279,0.0841824635863304,0.9952634572982788
91466bac,fr,128,501,0,0.0001,0.0001,128,21,torch.nn.functional.softplus,200,300,200,100,1.0,softplus,poisson,1.0,,,,0.6771126985549927,0.5315623879432678,0.1307443380355835,0.9985306859016418
91466bac,fr,128,501,0,0.0001,0.0001,128,21,torch.nn.functional.softplus,200,300,200,100,1.0,softplus,poisson,1.0,,,,0.6771126985549927,0.5315623879432678,0.1307443380355835,0.9985306859016418
ecf08c3e,fr,256,501,0,0.0001,0.0001,128,21,torch.nn.functional.softplus,200,300,200,100,1.0,softplus,poisson,1.0,,,,0.6962316036224365,0.5305357575416565,0.1347692757844925,0.9989367127418518
ecf08c3e,fr,256,501,0,0.0001,0.0001,128,21,torch.nn.functional.softplus,200,300,200,100,1.0,softplus,poisson,1.0,,,,0.6962316036224365,0.5305357575416565,0.1347692757844925,0.9989367127418518
2456e958,fr,512,501,0,0.0001,0.0001,128,21,torch.nn.functional.softplus,200,300,200,100,1.0,softplus,poisson,1.0,,,,0.88088458776474,0.8245242238044739,0.2237330228090286,0.9948031902313232
2456e958,fr,512,501,0,0.0001,0.0001,128,21,torch.nn.functional.softplus,200,300,200,100,1.0,softplus,poisson,1.0,,,,0.88088458776474,0.8245242238044739,0.2237330228090286,0.9948031902313232
bed9658e,fr,32,501,0,0.0001,0.0001,128,21,,200,300,200,100,1.0,softplus,poisson,1.0,,,,0.7518183588981628,0.4226241409778595,0.1020580977201461,0.9980587363243104
bed9658e,fr,32,501,0,0.0001,0.0001,128,21,,200,300,200,100,1.0,softplus,poisson,1.0,,,,0.7518183588981628,0.4226241409778595,0.1020580977201461,0.9980587363243104
4925fdf9,fr,64,501,0,0.0001,0.0001,128,21,,200,300,200,100,1.0,softplus,poisson,1.0,,,,0.5629898905754089,0.3418547809123993,0.0838435739278793,0.995250940322876
4925fdf9,fr,64,501,0,0.0001,0.0001,128,21,,200,300,200,100,1.0,softplus,poisson,1.0,,,,0.5629898905754089,0.3418547809123993,0.0838435739278793,0.995250940322876
11bb2f49,fr,128,501,0,0.0001,0.0001,128,21,,200,300,200,100,1.0,softplus,poisson,1.0,,,,0.675700843334198,0.5317956209182739,0.1308152377605438,0.998537540435791
11bb2f49,fr,128,501,0,0.0001,0.0001,128,21,,200,300,200,100,1.0,softplus,poisson,1.0,,,,0.675700843334198,0.5317956209182739,0.1308152377605438,0.998537540435791
1cc9649b,fr,256,501,0,0.0001,0.0001,128,21,,200,300,200,100,1.0,softplus,poisson,1.0,,,,0.6967933177947998,0.5338525772094727,0.1355042904615402,0.9989421963691713
1cc9649b,fr,256,501,0,0.0001,0.0001,128,21,,200,300,200,100,1.0,softplus,poisson,1.0,,,,0.6967933177947998,0.5338525772094727,0.1355042904615402,0.9989421963691713
2fcbfe2e,fr,512,501,0,0.0001,0.0001,128,21,,200,300,200,100,1.0,softplus,poisson,1.0,,,,0.8808842897415161,0.8245168924331665,0.2237319499254226,0.9948039054870604
2fcbfe2e,fr,512,501,0,0.0001,0.0001,128,21,,200,300,200,100,1.0,softplus,poisson,1.0,,,,0.8808842897415161,0.8245168924331665,0.2237319499254226,0.9948039054870604
12593a9a,node,5,500,0,0.002,0.0,128,21,,280,300,280,20,1.0,softplus,poisson,1.0,0.05,128.0,3.0,0.9786680936813354,0.9986359477043152,0.2741881608963012,0.9999025464057922
0dba453e,node,2,500,0,0.002,0.0,128,21,,280,300,280,20,1.0,softplus,poisson,1.0,0.05,128.0,3.0,0.9793846011161804,0.9996050596237184,0.2743854820728302,1.0
5aeb895e,node,3,500,0,0.002,0.0,128,21,,280,300,280,20,1.0,softplus,poisson,1.0,0.05,128.0,3.0,0.9771744012832642,0.996553361415863,0.2736832797527313,0.9999774694442748
2cce6a48,node,32,500,0,0.002,0.0,128,21,,280,300,280,20,1.0,softplus,poisson,1.0,0.05,128.0,3.0,0.885596513748169,0.9964552521705629,0.2737919092178345,0.9445316195487976
e1a93f7a,node,10,500,0,0.002,0.0,128,21,,280,300,280,20,1.0,softplus,poisson,1.0,0.05,128.0,3.0,0.9773383140563964,0.9982852935791016,0.2741334140300751,0.9991288781166076
0dba453e,node,2,500,0,0.002,0.0,128,21,,280,300,280,20,1.0,softplus,poisson,1.0,0.05,128.0,3.0,0.9793846011161804,0.9996050596237184,0.2743854820728302,1.0
5aeb895e,node,3,500,0,0.002,0.0,128,21,,280,300,280,20,1.0,softplus,poisson,1.0,0.05,128.0,3.0,0.9771744012832642,0.996553361415863,0.2736832797527313,0.9999774694442748
12593a9a,node,5,500,0,0.002,0.0,128,21,,280,300,280,20,1.0,softplus,poisson,1.0,0.05,128.0,3.0,0.9786680936813354,0.9986359477043152,0.2741881608963012,0.9999025464057922
2cce6a48,node,32,500,0,0.002,0.0,128,21,,280,300,280,20,1.0,softplus,poisson,1.0,0.05,128.0,3.0,0.885596513748169,0.9964552521705629,0.2737919092178345,0.9445316195487976
e1a93f7a,node,10,500,0,0.002,0.0,128,21,,280,300,280,20,1.0,softplus,poisson,1.0,0.05,128.0,3.0,0.9773383140563964,0.9982852935791016,0.2741334140300751,0.9991288781166076
0f85a8e3,node,64,500,0,0.002,0.0,128,21,,280,300,280,20,1.0,softplus,poisson,1.0,0.05,128.0,3.0,0.7301945090293884,0.9948245882987976,0.2734205424785614,0.8868854641914368
0f85a8e3,node,64,500,0,0.002,0.0,128,21,,280,300,280,20,1.0,softplus,poisson,1.0,0.05,128.0,3.0,0.7301945090293884,0.9948245882987976,0.2734205424785614,0.8868854641914368
0fbc1dba,node,2,501,0,0.002,0.0,128,21,,280,300,280,20,1.0,softplus,poisson,1.0,0.05,128.0,3.0,0.9792168140411376,0.9986987709999084,0.2742237150669098,1.0
0fbc1dba,node,2,501,0,0.002,0.0,128,21,,280,300,280,20,1.0,softplus,poisson,1.0,0.05,128.0,3.0,0.9792168140411376,0.9986987709999084,0.2742237150669098,1.0
17b7b1c2,node,3,501,0,0.002,0.0,128,21,,280,300,280,20,1.0,softplus,poisson,1.0,0.05,128.0,3.0,0.982235848903656,0.9993236660957336,0.2742946445941925,0.9999740719795228
17b7b1c2,node,3,501,0,0.002,0.0,128,21,,280,300,280,20,1.0,softplus,poisson,1.0,0.05,128.0,3.0,0.982235848903656,0.9993236660957336,0.2742946445941925,0.9999740719795228
1b546c01,node,5,501,0,0.002,0.0,128,21,,280,300,280,20,1.0,softplus,poisson,1.0,0.05,128.0,3.0,0.9797735214233398,0.9992713332176208,0.2742665708065033,0.999903917312622
1b546c01,node,5,501,0,0.002,0.0,128,21,,280,300,280,20,1.0,softplus,poisson,1.0,0.05,128.0,3.0,0.9797735214233398,0.9992713332176208,0.2742665708065033,0.999903917312622
29164e28,node,10,501,0,0.002,0.0,128,21,,280,300,280,20,1.0,softplus,poisson,1.0,0.05,128.0,3.0,0.979148805141449,0.9991815090179444,0.2742845118045807,0.9991019368171692
29164e28,node,10,501,0,0.002,0.0,128,21,,280,300,280,20,1.0,softplus,poisson,1.0,0.05,128.0,3.0,0.979148805141449,0.9991815090179444,0.2742845118045807,0.9991019368171692
9a425aa1,node,32,501,0,0.002,0.0,128,21,,280,300,280,20,1.0,softplus,poisson,1.0,0.05,128.0,3.0,0.8847054243087769,0.9966988563537598,0.2739046216011047,0.9427990913391112
9a425aa1,node,32,501,0,0.002,0.0,128,21,,280,300,280,20,1.0,softplus,poisson,1.0,0.05,128.0,3.0,0.8847054243087769,0.9966988563537598,0.2739046216011047,0.9427990913391112
47849297,node,64,501,0,0.002,0.0,128,21,,280,300,280,20,1.0,softplus,poisson,1.0,0.05,128.0,3.0,0.733172595500946,0.9948599934577942,0.2735216915607452,0.8903098702430725
47849297,node,64,501,0,0.002,0.0,128,21,,280,300,280,20,1.0,softplus,poisson,1.0,0.05,128.0,3.0,0.733172595500946,0.9948599934577942,0.2735216915607452,0.8903098702430725
f167c764,gnode,10,500,0,0.002,0.0,128,21,torch.nn.functional.softplus,280,300,250,50,1.0,softplus,poisson,1.0,0.1,64.0,3.0,,,,
8dfe7cb9,gnode,5,500,0,0.002,0.0,128,21,torch.nn.functional.softplus,280,300,250,50,1.0,softplus,poisson,1.0,0.1,64.0,3.0,,,,
091646a6,gnode,2,500,0,0.002,0.0,128,21,torch.nn.functional.softplus,280,300,250,50,1.0,softplus,poisson,1.0,0.1,64.0,3.0,,,,
0c2f4998,gnode,3,500,0,0.002,0.0,128,21,torch.nn.functional.softplus,280,300,250,50,1.0,softplus,poisson,1.0,0.1,64.0,3.0,,,,
185e9836,gnode,32,500,0,0.002,0.0,128,21,torch.nn.functional.softplus,280,300,250,50,1.0,softplus,poisson,1.0,0.1,64.0,3.0,,,,
23d4b85b,gnode,64,500,0,0.002,0.0,128,21,torch.nn.functional.softplus,280,300,250,50,1.0,softplus,poisson,1.0,0.1,64.0,3.0,,,,
23d4b85b,gnode,64,500,0,0.002,0.0,128,21,torch.nn.functional.softplus,280,300,250,50,1.0,softplus,poisson,1.0,0.1,64.0,3.0,,,,
8dfe7cb9,gnode,5,500,0,0.002,0.0,128,21,torch.nn.functional.softplus,280,300,250,50,1.0,softplus,poisson,1.0,0.1,64.0,3.0,,,,
185e9836,gnode,32,500,0,0.002,0.0,128,21,torch.nn.functional.softplus,280,300,250,50,1.0,softplus,poisson,1.0,0.1,64.0,3.0,,,,
091646a6,gnode,2,500,0,0.002,0.0,128,21,torch.nn.functional.softplus,280,300,250,50,1.0,softplus,poisson,1.0,0.1,64.0,3.0,,,,
0c2f4998,gnode,3,500,0,0.002,0.0,128,21,torch.nn.functional.softplus,280,300,250,50,1.0,softplus,poisson,1.0,0.1,64.0,3.0,,,,
f167c764,gnode,10,500,0,0.002,0.0,128,21,torch.nn.functional.softplus,280,300,250,50,1.0,softplus,poisson,1.0,0.1,64.0,3.0,,,,
edff87cd,gnode,5,501,0,0.002,0.0,128,21,torch.nn.functional.softplus,280,300,250,50,1.0,softplus,poisson,1.0,0.1,64.0,3.0,,,,
2875caa7,gnode,32,501,0,0.002,0.0,128,21,torch.nn.functional.softplus,280,300,250,50,1.0,softplus,poisson,1.0,0.1,64.0,3.0,,,,
d318a1b2,gnode,3,501,0,0.002,0.0,128,21,torch.nn.functional.softplus,280,300,250,50,1.0,softplus,poisson,1.0,0.1,64.0,3.0,,,,
c423b50c,gnode,2,501,0,0.002,0.0,128,21,torch.nn.functional.softplus,280,300,250,50,1.0,softplus,poisson,1.0,0.1,64.0,3.0,,,,
ed03da11,gnode,10,501,0,0.002,0.0,128,21,torch.nn.functional.softplus,280,300,250,50,1.0,softplus,poisson,1.0,0.1,64.0,3.0,,,,
552ad970,gnode,64,501,0,0.002,0.0,128,21,torch.nn.functional.softplus,280,300,250,50,1.0,softplus,poisson,1.0,0.1,64.0,3.0,,,,
2875caa7,gnode,32,501,0,0.002,0.0,128,21,torch.nn.functional.softplus,280,300,250,50,1.0,softplus,poisson,1.0,0.1,64.0,3.0,,,,
d318a1b2,gnode,3,501,0,0.002,0.0,128,21,torch.nn.functional.softplus,280,300,250,50,1.0,softplus,poisson,1.0,0.1,64.0,3.0,,,,
edff87cd,gnode,5,501,0,0.002,0.0,128,21,torch.nn.functional.softplus,280,300,250,50,1.0,softplus,poisson,1.0,0.1,64.0,3.0,,,,
c423b50c,gnode,2,501,0,0.002,0.0,128,21,torch.nn.functional.softplus,280,300,250,50,1.0,softplus,poisson,1.0,0.1,64.0,3.0,,,,
ed03da11,gnode,10,501,0,0.002,0.0,128,21,torch.nn.functional.softplus,280,300,250,50,1.0,softplus,poisson,1.0,0.1,64.0,3.0,,,,
552ad970,gnode,64,501,0,0.002,0.0,128,21,torch.nn.functional.softplus,280,300,250,50,1.0,softplus,poisson,1.0,0.1,64.0,3.0,,,,
cd2888b4,gnode,32,500,0,0.002,0.0,128,21,torch.nn.functional.softplus,250,300,250,50,1.0,softplus,poisson,1.0,0.1,64.0,3.0,0.9141550660133362,0.99699604511261,0.2736031711101532,0.9574173092842102
ec49fe76,gnode,64,500,0,0.002,0.0,128,21,torch.nn.functional.softplus,250,300,250,50,1.0,softplus,poisson,1.0,0.1,64.0,3.0,0.7449907660484314,0.9932869672775269,0.2727743983268738,0.8629926443099976
44c5a780,gnode,2,500,0,0.002,0.0,128,21,torch.nn.functional.softplus,250,300,250,50,1.0,softplus,poisson,1.0,0.1,64.0,3.0,0.9822297692298888,0.9977796077728271,0.27348193526268,1.0
171c3c8b,gnode,10,500,0,0.002,0.0,128,21,torch.nn.functional.softplus,250,300,250,50,1.0,softplus,poisson,1.0,0.1,64.0,3.0,0.9757606387138368,0.9986042976379396,0.2737981975078583,0.9756640195846558
9ece096c,gnode,3,500,0,0.002,0.0,128,21,torch.nn.functional.softplus,250,300,250,50,1.0,softplus,poisson,1.0,0.1,64.0,3.0,0.9824583530426024,0.99881774187088,0.2737361490726471,0.9999687671661376
118efbc8,gnode,5,500,0,0.002,0.0,128,21,torch.nn.functional.softplus,250,300,250,50,1.0,softplus,poisson,1.0,0.1,64.0,3.0,0.9796006083488464,0.9992333650588988,0.2739592492580414,0.9998612403869628
171c3c8b,gnode,10,500,0,0.002,0.0,128,21,torch.nn.functional.softplus,250,300,250,50,1.0,softplus,poisson,1.0,0.1,64.0,3.0,0.9757606387138368,0.9986042976379396,0.2737981975078583,0.9756640195846558
cd2888b4,gnode,32,500,0,0.002,0.0,128,21,torch.nn.functional.softplus,250,300,250,50,1.0,softplus,poisson,1.0,0.1,64.0,3.0,0.9141550660133362,0.99699604511261,0.2736031711101532,0.9574173092842102
9ece096c,gnode,3,500,0,0.002,0.0,128,21,torch.nn.functional.softplus,250,300,250,50,1.0,softplus,poisson,1.0,0.1,64.0,3.0,0.9824583530426024,0.99881774187088,0.2737361490726471,0.9999687671661376
ec49fe76,gnode,64,500,0,0.002,0.0,128,21,torch.nn.functional.softplus,250,300,250,50,1.0,softplus,poisson,1.0,0.1,64.0,3.0,0.7449907660484314,0.9932869672775269,0.2727743983268738,0.8629926443099976
118efbc8,gnode,5,500,0,0.002,0.0,128,21,torch.nn.functional.softplus,250,300,250,50,1.0,softplus,poisson,1.0,0.1,64.0,3.0,0.9796006083488464,0.9992333650588988,0.2739592492580414,0.9998612403869628
44c5a780,gnode,2,500,0,0.002,0.0,128,21,torch.nn.functional.softplus,250,300,250,50,1.0,softplus,poisson,1.0,0.1,64.0,3.0,0.9822297692298888,0.9977796077728271,0.27348193526268,1.0
7abbc004,gnode,3,501,0,0.002,0.0,128,21,torch.nn.functional.softplus,250,300,250,50,1.0,softplus,poisson,1.0,0.1,64.0,3.0,0.98274827003479,0.9989253878593444,0.2738298177719116,0.9999657869338988
b4f82c0b,gnode,2,501,0,0.002,0.0,128,21,torch.nn.functional.softplus,250,300,250,50,1.0,softplus,poisson,1.0,0.1,64.0,3.0,0.981445610523224,0.9981972575187684,0.2737558484077453,1.0
b4f82c0b,gnode,2,501,0,0.002,0.0,128,21,torch.nn.functional.softplus,250,300,250,50,1.0,softplus,poisson,1.0,0.1,64.0,3.0,0.981445610523224,0.9981972575187684,0.2737558484077453,1.0
7abbc004,gnode,3,501,0,0.002,0.0,128,21,torch.nn.functional.softplus,250,300,250,50,1.0,softplus,poisson,1.0,0.1,64.0,3.0,0.98274827003479,0.9989253878593444,0.2738298177719116,0.9999657869338988
caf726f3,gnode,5,501,0,0.002,0.0,128,21,torch.nn.functional.softplus,250,300,250,50,1.0,softplus,poisson,1.0,0.1,64.0,3.0,0.9802318811416626,0.9993303418159484,0.2740098834037781,0.9998596906661988
caf726f3,gnode,5,501,0,0.002,0.0,128,21,torch.nn.functional.softplus,250,300,250,50,1.0,softplus,poisson,1.0,0.1,64.0,3.0,0.9802318811416626,0.9993303418159484,0.2740098834037781,0.9998596906661988
891ece5b,gnode,10,501,0,0.002,0.0,128,21,torch.nn.functional.softplus,250,300,250,50,1.0,softplus,poisson,1.0,0.1,64.0,3.0,0.9751369953155518,0.9984103441238404,0.2738637626171112,0.9751909971237184
891ece5b,gnode,10,501,0,0.002,0.0,128,21,torch.nn.functional.softplus,250,300,250,50,1.0,softplus,poisson,1.0,0.1,64.0,3.0,0.9751369953155518,0.9984103441238404,0.2738637626171112,0.9751909971237184
21e1a6d8,gnode,32,501,0,0.002,0.0,128,21,torch.nn.functional.softplus,250,300,250,50,1.0,softplus,poisson,1.0,0.1,64.0,3.0,0.91401869058609,0.9966137409210204,0.2735686600208282,0.9570862054824828
21e1a6d8,gnode,32,501,0,0.002,0.0,128,21,torch.nn.functional.softplus,250,300,250,50,1.0,softplus,poisson,1.0,0.1,64.0,3.0,0.91401869058609,0.9966137409210204,0.2735686600208282,0.9570862054824828
f6032dd6,gnode,64,501,0,0.002,0.0,128,21,torch.nn.functional.softplus,250,300,250,50,1.0,softplus,poisson,1.0,0.1,64.0,3.0,0.7517639994621277,0.9944858551025392,0.2730797827243805,0.8640275001525879
f6032dd6,gnode,64,501,0,0.002,0.0,128,21,torch.nn.functional.softplus,250,300,250,50,1.0,softplus,poisson,1.0,0.1,64.0,3.0,0.7517639994621277,0.9944858551025392,0.2730797827243805,0.8640275001525879
c68cbe4d,gnode,5,500,0,0.002,0.0,128,21,torch.nn.functional.softplus,280,300,280,20,1.0,softplus,poisson,1.0,0.1,64.0,3.0,0.9812199473381042,0.9974633455276488,0.2738537788391113,0.999756634235382
0d9116d3,gnode,64,500,0,0.002,0.0,128,21,torch.nn.functional.softplus,280,300,280,20,1.0,softplus,poisson,1.0,0.1,64.0,3.0,0.7233482003211975,0.9934669733047484,0.2733218669891357,0.8403843641281128
e3ce27b6,gnode,2,500,0,0.002,0.0,128,21,torch.nn.functional.softplus,280,300,280,20,1.0,softplus,poisson,1.0,0.1,64.0,3.0,0.9845049977302552,0.9987621903419496,0.2741136848926544,1.0
a5e493c2,gnode,32,500,0,0.002,0.0,128,21,torch.nn.functional.softplus,280,300,280,20,1.0,softplus,poisson,1.0,0.1,64.0,3.0,0.8788368105888367,0.9962322115898132,0.2736864686012268,0.8848469853401184
04121e4c,gnode,3,500,0,0.002,0.0,128,21,torch.nn.functional.softplus,280,300,280,20,1.0,softplus,poisson,1.0,0.1,64.0,3.0,0.983504354953766,0.9981717467308044,0.2740599811077118,0.9999727010726928
de661102,gnode,10,500,0,0.002,0.0,128,21,torch.nn.functional.softplus,280,300,280,20,1.0,softplus,poisson,1.0,0.1,64.0,3.0,0.9763218760490416,0.9977574348449708,0.2740832865238189,0.998655378818512
a5e493c2,gnode,32,500,0,0.002,0.0,128,21,torch.nn.functional.softplus,280,300,280,20,1.0,softplus,poisson,1.0,0.1,64.0,3.0,0.8788368105888367,0.9962322115898132,0.2736864686012268,0.8848469853401184
04121e4c,gnode,3,500,0,0.002,0.0,128,21,torch.nn.functional.softplus,280,300,280,20,1.0,softplus,poisson,1.0,0.1,64.0,3.0,0.983504354953766,0.9981717467308044,0.2740599811077118,0.9999727010726928
e3ce27b6,gnode,2,500,0,0.002,0.0,128,21,torch.nn.functional.softplus,280,300,280,20,1.0,softplus,poisson,1.0,0.1,64.0,3.0,0.9845049977302552,0.9987621903419496,0.2741136848926544,1.0
de661102,gnode,10,500,0,0.002,0.0,128,21,torch.nn.functional.softplus,280,300,280,20,1.0,softplus,poisson,1.0,0.1,64.0,3.0,0.9763218760490416,0.9977574348449708,0.2740832865238189,0.998655378818512
c68cbe4d,gnode,5,500,0,0.002,0.0,128,21,torch.nn.functional.softplus,280,300,280,20,1.0,softplus,poisson,1.0,0.1,64.0,3.0,0.9812199473381042,0.9974633455276488,0.2738537788391113,0.999756634235382
0d9116d3,gnode,64,500,0,0.002,0.0,128,21,torch.nn.functional.softplus,280,300,280,20,1.0,softplus,poisson,1.0,0.1,64.0,3.0,0.7233482003211975,0.9934669733047484,0.2733218669891357,0.8403843641281128
dd3e2bf4,gnode,2,501,0,0.002,0.0,128,21,torch.nn.functional.softplus,280,300,280,20,1.0,softplus,poisson,1.0,0.1,64.0,3.0,0.9835619926452636,0.9969527125358582,0.273728609085083,1.0
dd3e2bf4,gnode,2,501,0,0.002,0.0,128,21,torch.nn.functional.softplus,280,300,280,20,1.0,softplus,poisson,1.0,0.1,64.0,3.0,0.9835619926452636,0.9969527125358582,0.273728609085083,1.0
f08b836b,gnode,3,501,0,0.002,0.0,128,21,torch.nn.functional.softplus,280,300,280,20,1.0,softplus,poisson,1.0,0.1,64.0,3.0,0.9850059747695924,0.9990313649177552,0.2741951048374176,0.9999721050262452
f08b836b,gnode,3,501,0,0.002,0.0,128,21,torch.nn.functional.softplus,280,300,280,20,1.0,softplus,poisson,1.0,0.1,64.0,3.0,0.9850059747695924,0.9990313649177552,0.2741951048374176,0.9999721050262452
9db95b59,gnode,5,501,0,0.002,0.0,128,21,torch.nn.functional.softplus,280,300,280,20,1.0,softplus,poisson,1.0,0.1,64.0,3.0,0.9830929040908812,0.9983375668525696,0.274153858423233,0.9997856020927428
9db95b59,gnode,5,501,0,0.002,0.0,128,21,torch.nn.functional.softplus,280,300,280,20,1.0,softplus,poisson,1.0,0.1,64.0,3.0,0.9830929040908812,0.9983375668525696,0.274153858423233,0.9997856020927428
d967684a,gnode,10,501,0,0.002,0.0,128,21,torch.nn.functional.softplus,280,300,280,20,1.0,softplus,poisson,1.0,0.1,64.0,3.0,0.9764834642410278,0.998272180557251,0.2741803526878357,0.9986692667007446
d967684a,gnode,10,501,0,0.002,0.0,128,21,torch.nn.functional.softplus,280,300,280,20,1.0,softplus,poisson,1.0,0.1,64.0,3.0,0.9764834642410278,0.998272180557251,0.2741803526878357,0.9986692667007446
c385cee2,gnode,32,501,0,0.002,0.0,128,21,torch.nn.functional.softplus,280,300,280,20,1.0,softplus,poisson,1.0,0.1,64.0,3.0,0.8791940212249756,0.9951653480529784,0.2734784781932831,0.8870595693588257
c385cee2,gnode,32,501,0,0.002,0.0,128,21,torch.nn.functional.softplus,280,300,280,20,1.0,softplus,poisson,1.0,0.1,64.0,3.0,0.8791940212249756,0.9951653480529784,0.2734784781932831,0.8870595693588257
a89d9062,gnode,64,501,0,0.002,0.0,128,21,torch.nn.functional.softplus,280,300,280,20,1.0,softplus,poisson,1.0,0.1,64.0,3.0,0.7270020246505737,0.9941365718841552,0.2734605371952057,0.839699387550354
a89d9062,gnode,64,501,0,0.002,0.0,128,21,torch.nn.functional.softplus,280,300,280,20,1.0,softplus,poisson,1.0,0.1,64.0,3.0,0.7270020246505737,0.9941365718841552,0.2734605371952057,0.839699387550354
dae6cacd,node,5,500,0,0.002,0.0,128,21,torch.nn.functional.softplus,200,300,200,100,1.0,softplus,poisson,1.0,0.05,128.0,3.0,0.9792883396148682,0.9988346695899964,0.2738626003265381,0.9998872876167296
096a437d,node,3,500,0,0.002,0.0,128,21,torch.nn.functional.softplus,200,300,200,100,1.0,softplus,poisson,1.0,0.05,128.0,3.0,0.9808946847915648,0.9991156458854676,0.2740269601345062,0.9999721050262452
5debda0b,node,32,500,0,0.002,0.0,128,21,torch.nn.functional.softplus,200,300,200,100,1.0,softplus,poisson,1.0,0.05,128.0,3.0,0.9019519686698914,0.9966505169868468,0.2736601829528808,0.9448605179786682
c6b46acf,node,2,500,0,0.002,0.0,128,21,torch.nn.functional.softplus,200,300,200,100,1.0,softplus,poisson,1.0,0.05,128.0,3.0,0.9824904203414916,0.999178409576416,0.274031400680542,1.0
1204b542,node,10,500,0,0.002,0.0,128,21,torch.nn.functional.softplus,200,300,200,100,1.0,softplus,poisson,1.0,0.05,128.0,3.0,0.9705049395561218,0.993934690952301,0.2729744017124176,0.9989781975746156
dae6cacd,node,5,500,0,0.002,0.0,128,21,torch.nn.functional.softplus,200,300,200,100,1.0,softplus,poisson,1.0,0.05,128.0,3.0,0.9792883396148682,0.9988346695899964,0.2738626003265381,0.9998872876167296
1204b542,node,10,500,0,0.002,0.0,128,21,torch.nn.functional.softplus,200,300,200,100,1.0,softplus,poisson,1.0,0.05,128.0,3.0,0.9705049395561218,0.993934690952301,0.2729744017124176,0.9989781975746156
5debda0b,node,32,500,0,0.002,0.0,128,21,torch.nn.functional.softplus,200,300,200,100,1.0,softplus,poisson,1.0,0.05,128.0,3.0,0.9019519686698914,0.9966505169868468,0.2736601829528808,0.9448605179786682
096a437d,node,3,500,0,0.002,0.0,128,21,torch.nn.functional.softplus,200,300,200,100,1.0,softplus,poisson,1.0,0.05,128.0,3.0,0.9808946847915648,0.9991156458854676,0.2740269601345062,0.9999721050262452
c6b46acf,node,2,500,0,0.002,0.0,128,21,torch.nn.functional.softplus,200,300,200,100,1.0,softplus,poisson,1.0,0.05,128.0,3.0,0.9824904203414916,0.999178409576416,0.274031400680542,1.0
82843c5d,node,64,500,0,0.002,0.0,128,21,torch.nn.functional.softplus,200,300,200,100,1.0,softplus,poisson,1.0,0.05,128.0,3.0,0.7167409658432007,0.9937776923179626,0.2730638086795807,0.8895408511161804
82843c5d,node,64,500,0,0.002,0.0,128,21,torch.nn.functional.softplus,200,300,200,100,1.0,softplus,poisson,1.0,0.05,128.0,3.0,0.7167409658432007,0.9937776923179626,0.2730638086795807,0.8895408511161804
bd004705,node,2,501,0,0.002,0.0,128,21,torch.nn.functional.softplus,200,300,200,100,1.0,softplus,poisson,1.0,0.05,128.0,3.0,0.9788240790367126,0.9974403381347656,0.2736450731754303,1.0
bd004705,node,2,501,0,0.002,0.0,128,21,torch.nn.functional.softplus,200,300,200,100,1.0,softplus,poisson,1.0,0.05,128.0,3.0,0.9788240790367126,0.9974403381347656,0.2736450731754303,1.0
7b73ff55,node,3,501,0,0.002,0.0,128,21,torch.nn.functional.softplus,200,300,200,100,1.0,softplus,poisson,1.0,0.05,128.0,3.0,0.9790613055229188,0.9991915822029114,0.2740202248096466,0.9999740719795228
7b73ff55,node,3,501,0,0.002,0.0,128,21,torch.nn.functional.softplus,200,300,200,100,1.0,softplus,poisson,1.0,0.05,128.0,3.0,0.9790613055229188,0.9991915822029114,0.2740202248096466,0.9999740719795228
b600d515,node,5,501,0,0.002,0.0,128,21,torch.nn.functional.softplus,200,300,200,100,1.0,softplus,poisson,1.0,0.05,128.0,3.0,0.9774665236473083,0.997890830039978,0.2738430500030517,0.999890685081482
b600d515,node,5,501,0,0.002,0.0,128,21,torch.nn.functional.softplus,200,300,200,100,1.0,softplus,poisson,1.0,0.05,128.0,3.0,0.9774665236473083,0.997890830039978,0.2738430500030517,0.999890685081482
e369d17c,node,10,501,0,0.002,0.0,128,21,torch.nn.functional.softplus,200,300,200,100,1.0,softplus,poisson,1.0,0.05,128.0,3.0,0.9759039878845216,0.9987431168556212,0.273914486169815,0.9989803433418274
e369d17c,node,10,501,0,0.002,0.0,128,21,torch.nn.functional.softplus,200,300,200,100,1.0,softplus,poisson,1.0,0.05,128.0,3.0,0.9759039878845216,0.9987431168556212,0.273914486169815,0.9989803433418274
6a590a7c,node,32,501,0,0.002,0.0,128,21,torch.nn.functional.softplus,200,300,200,100,1.0,softplus,poisson,1.0,0.05,128.0,3.0,0.9015421867370604,0.9962494373321532,0.2735629677772522,0.9461599588394164
6a590a7c,node,32,501,0,0.002,0.0,128,21,torch.nn.functional.softplus,200,300,200,100,1.0,softplus,poisson,1.0,0.05,128.0,3.0,0.9015421867370604,0.9962494373321532,0.2735629677772522,0.9461599588394164
f3c6b011,node,64,501,0,0.002,0.0,128,21,torch.nn.functional.softplus,200,300,200,100,1.0,softplus,poisson,1.0,0.05,128.0,3.0,0.718135416507721,0.9937468767166138,0.2731513977050781,0.8924699425697327
f3c6b011,node,64,501,0,0.002,0.0,128,21,torch.nn.functional.softplus,200,300,200,100,1.0,softplus,poisson,1.0,0.05,128.0,3.0,0.718135416507721,0.9937468767166138,0.2731513977050781,0.8924699425697327
4dcccc87,node,32,500,0,0.002,0.0,128,21,,250,300,250,50,1.0,softplus,poisson,1.0,0.05,128.0,3.0,0.9179472923278807,0.9964317679405212,0.2734074294567108,0.9550829529762268
ba6db52b,node,3,500,0,0.002,0.0,128,21,,250,300,250,50,1.0,softplus,poisson,1.0,0.05,128.0,3.0,0.9785730838775636,0.9978960156440736,0.2736625373363495,0.9999823570251464
b6210344,node,10,500,0,0.002,0.0,128,21,,250,300,250,50,1.0,softplus,poisson,1.0,0.05,128.0,3.0,0.9767941236495972,0.9989928603172302,0.2738735675811767,0.9988808631896972
c26bb065,node,5,500,0,0.002,0.0,128,21,,250,300,250,50,1.0,softplus,poisson,1.0,0.05,128.0,3.0,0.9792439937591552,0.9995704889297484,0.2740474045276642,0.9998798370361328
fbf80095,node,2,500,0,0.002,0.0,128,21,,250,300,250,50,1.0,softplus,poisson,1.0,0.05,128.0,3.0,0.9806674122810364,0.998056709766388,0.273664653301239,1.0
c26bb065,node,5,500,0,0.002,0.0,128,21,,250,300,250,50,1.0,softplus,poisson,1.0,0.05,128.0,3.0,0.9792439937591552,0.9995704889297484,0.2740474045276642,0.9998798370361328
fbf80095,node,2,500,0,0.002,0.0,128,21,,250,300,250,50,1.0,softplus,poisson,1.0,0.05,128.0,3.0,0.9806674122810364,0.998056709766388,0.273664653301239,1.0
ba6db52b,node,3,500,0,0.002,0.0,128,21,,250,300,250,50,1.0,softplus,poisson,1.0,0.05,128.0,3.0,0.9785730838775636,0.9978960156440736,0.2736625373363495,0.9999823570251464
4dcccc87,node,32,500,0,0.002,0.0,128,21,,250,300,250,50,1.0,softplus,poisson,1.0,0.05,128.0,3.0,0.9179472923278807,0.9964317679405212,0.2734074294567108,0.9550829529762268
b6210344,node,10,500,0,0.002,0.0,128,21,,250,300,250,50,1.0,softplus,poisson,1.0,0.05,128.0,3.0,0.9767941236495972,0.9989928603172302,0.2738735675811767,0.9988808631896972
bf935b0b,node,64,500,0,0.002,0.0,128,21,,250,300,250,50,1.0,softplus,poisson,1.0,0.05,128.0,3.0,0.7203972935676575,0.994909405708313,0.2731914520263672,0.8839784264564514
bf935b0b,node,64,500,0,0.002,0.0,128,21,,250,300,250,50,1.0,softplus,poisson,1.0,0.05,128.0,3.0,0.7203972935676575,0.994909405708313,0.2731914520263672,0.8839784264564514
2d0a93d1,node,2,501,0,0.002,0.0,128,21,,250,300,250,50,1.0,softplus,poisson,1.0,0.05,128.0,3.0,0.9801502823829652,0.9990773797035216,0.2738065123558044,1.0
2d0a93d1,node,2,501,0,0.002,0.0,128,21,,250,300,250,50,1.0,softplus,poisson,1.0,0.05,128.0,3.0,0.9801502823829652,0.9990773797035216,0.2738065123558044,1.0
655dff95,node,3,501,0,0.002,0.0,128,21,,250,300,250,50,1.0,softplus,poisson,1.0,0.05,128.0,3.0,0.9806092977523804,0.9981790781021118,0.2737388014793396,0.999980926513672
655dff95,node,3,501,0,0.002,0.0,128,21,,250,300,250,50,1.0,softplus,poisson,1.0,0.05,128.0,3.0,0.9806092977523804,0.9981790781021118,0.2737388014793396,0.999980926513672
132b7862,node,5,501,0,0.002,0.0,128,21,,250,300,250,50,1.0,softplus,poisson,1.0,0.05,128.0,3.0,0.9786186814308168,0.9984155297279358,0.2737505137920379,0.9998890161514282
132b7862,node,5,501,0,0.002,0.0,128,21,,250,300,250,50,1.0,softplus,poisson,1.0,0.05,128.0,3.0,0.9786186814308168,0.9984155297279358,0.2737505137920379,0.9998890161514282
cf8fd2c1,node,10,501,0,0.002,0.0,128,21,,250,300,250,50,1.0,softplus,poisson,1.0,0.05,128.0,3.0,0.9773131608963012,0.9991602897644044,0.2739197909832001,0.9988455772399902
cf8fd2c1,node,10,501,0,0.002,0.0,128,21,,250,300,250,50,1.0,softplus,poisson,1.0,0.05,128.0,3.0,0.9773131608963012,0.9991602897644044,0.2739197909832001,0.9988455772399902
42f3c6e0,node,32,501,0,0.002,0.0,128,21,,250,300,250,50,1.0,softplus,poisson,1.0,0.05,128.0,3.0,0.915640354156494,0.9967215061187744,0.2735734581947326,0.9565774202346802
42f3c6e0,node,32,501,0,0.002,0.0,128,21,,250,300,250,50,1.0,softplus,poisson,1.0,0.05,128.0,3.0,0.915640354156494,0.9967215061187744,0.2735734581947326,0.9565774202346802
e3cba591,node,64,501,0,0.002,0.0,128,21,,250,300,250,50,1.0,softplus,poisson,1.0,0.05,128.0,3.0,0.7194801568984985,0.9939414262771606,0.2729272544384002,0.8864206075668335
e3cba591,node,64,501,0,0.002,0.0,128,21,,250,300,250,50,1.0,softplus,poisson,1.0,0.05,128.0,3.0,0.7194801568984985,0.9939414262771606,0.2729272544384002,0.8864206075668335
c75c4553,gru,512,500,0,0.0001,0.0001,128,21,torch.nn.functional.softplus,250,300,250,50,1.0,softplus,poisson,1.0,,,,0.7693901658058167,0.6807267665863037,0.1833233088254928,0.9996070265769958
a90fc898,gru,256,500,0,0.0001,0.0001,128,21,torch.nn.functional.softplus,250,300,250,50,1.0,softplus,poisson,1.0,,,,0.7662543654441833,0.6153337359428406,0.1595906466245651,0.9996552467346193
cfe4ccea,gru,64,500,0,0.0001,0.0001,128,21,torch.nn.functional.softplus,250,300,250,50,1.0,softplus,poisson,1.0,,,,0.6990727782249451,0.3982123434543609,0.0974068790674209,0.9978654980659484
0fab825a,gru,32,500,0,0.0001,0.0001,128,21,,250,300,250,50,1.0,softplus,poisson,1.0,,,,0.5145257711410522,0.3750092685222626,0.0940761566162109,0.9987552165985109
bb0b0e16,gru,128,500,0,0.0001,0.0001,128,21,torch.nn.functional.softplus,250,300,250,50,1.0,softplus,poisson,1.0,,,,0.7000076770782471,0.4410396218299866,0.1100940778851509,0.9994781613349916
1d767d43,gru,32,500,0,0.0001,0.0001,128,21,torch.nn.functional.softplus,250,300,250,50,1.0,softplus,poisson,1.0,,,,0.5065852999687195,0.3702193796634674,0.0928480997681617,0.9987452030181884
cfe4ccea,gru,64,500,0,0.0001,0.0001,128,21,torch.nn.functional.softplus,250,300,250,50,1.0,softplus,poisson,1.0,,,,0.6990727782249451,0.3982123434543609,0.0974068790674209,0.9978654980659484
1d767d43,gru,32,500,0,0.0001,0.0001,128,21,torch.nn.functional.softplus,250,300,250,50,1.0,softplus,poisson,1.0,,,,0.5065852999687195,0.3702193796634674,0.0928480997681617,0.9987452030181884
0fab825a,gru,32,500,0,0.0001,0.0001,128,21,,250,300,250,50,1.0,softplus,poisson,1.0,,,,0.5145257711410522,0.3750092685222626,0.0940761566162109,0.9987552165985109
a90fc898,gru,256,500,0,0.0001,0.0001,128,21,torch.nn.functional.softplus,250,300,250,50,1.0,softplus,poisson,1.0,,,,0.7662543654441833,0.6153337359428406,0.1595906466245651,0.9996552467346193
c75c4553,gru,512,500,0,0.0001,0.0001,128,21,torch.nn.functional.softplus,250,300,250,50,1.0,softplus,poisson,1.0,,,,0.7693901658058167,0.6807267665863037,0.1833233088254928,0.9996070265769958
bb0b0e16,gru,128,500,0,0.0001,0.0001,128,21,torch.nn.functional.softplus,250,300,250,50,1.0,softplus,poisson,1.0,,,,0.7000076770782471,0.4410396218299866,0.1100940778851509,0.9994781613349916
b08bd986,gru,64,500,0,0.0001,0.0001,128,21,,250,300,250,50,1.0,softplus,poisson,1.0,,,,0.68841552734375,0.3929940164089203,0.0961592867970466,0.9978606104850768
b08bd986,gru,64,500,0,0.0001,0.0001,128,21,,250,300,250,50,1.0,softplus,poisson,1.0,,,,0.68841552734375,0.3929940164089203,0.0961592867970466,0.9978606104850768
1cf54d8a,gru,128,500,0,0.0001,0.0001,128,21,,250,300,250,50,1.0,softplus,poisson,1.0,,,,0.6965371966362,0.4357289671897888,0.1088475435972213,0.9994805455207824
1cf54d8a,gru,128,500,0,0.0001,0.0001,128,21,,250,300,250,50,1.0,softplus,poisson,1.0,,,,0.6965371966362,0.4357289671897888,0.1088475435972213,0.9994805455207824
fb2a0050,gru,256,500,0,0.0001,0.0001,128,21,,250,300,250,50,1.0,softplus,poisson,1.0,,,,0.7662824988365173,0.6153461933135986,0.1596155315637588,0.999655544757843
fb2a0050,gru,256,500,0,0.0001,0.0001,128,21,,250,300,250,50,1.0,softplus,poisson,1.0,,,,0.7662824988365173,0.6153461933135986,0.1596155315637588,0.999655544757843
beb045e5,gru,512,500,0,0.0001,0.0001,128,21,,250,300,250,50,1.0,softplus,poisson,1.0,,,,0.7695460915565491,0.6809680461883545,0.1833837628364563,0.9996069073677064
beb045e5,gru,512,500,0,0.0001,0.0001,128,21,,250,300,250,50,1.0,softplus,poisson,1.0,,,,0.7695460915565491,0.6809680461883545,0.1833837628364563,0.9996069073677064
ff66ece8,gru,32,501,0,0.0001,0.0001,128,21,torch.nn.functional.softplus,250,300,250,50,1.0,softplus,poisson,1.0,,,,0.6743136644363403,0.4884850084781647,0.1223871558904647,0.9989932179450988
ff66ece8,gru,32,501,0,0.0001,0.0001,128,21,torch.nn.functional.softplus,250,300,250,50,1.0,softplus,poisson,1.0,,,,0.6743136644363403,0.4884850084781647,0.1223871558904647,0.9989932179450988
ab098499,gru,64,501,0,0.0001,0.0001,128,21,torch.nn.functional.softplus,250,300,250,50,1.0,softplus,poisson,1.0,,,,0.3018513023853302,0.1231598109006881,0.0316328406333923,0.9973423480987548
ab098499,gru,64,501,0,0.0001,0.0001,128,21,torch.nn.functional.softplus,250,300,250,50,1.0,softplus,poisson,1.0,,,,0.3018513023853302,0.1231598109006881,0.0316328406333923,0.9973423480987548
79a68ce9,gru,128,501,0,0.0001,0.0001,128,21,torch.nn.functional.softplus,250,300,250,50,1.0,softplus,poisson,1.0,,,,0.7454588413238525,0.4943939447402954,0.1230589523911476,0.9995033144950868
79a68ce9,gru,128,501,0,0.0001,0.0001,128,21,torch.nn.functional.softplus,250,300,250,50,1.0,softplus,poisson,1.0,,,,0.7454588413238525,0.4943939447402954,0.1230589523911476,0.9995033144950868
9c7ed973,gru,256,501,0,0.0001,0.0001,128,21,torch.nn.functional.softplus,250,300,250,50,1.0,softplus,poisson,1.0,,,,0.7864907383918762,0.6287270188331604,0.1616213321685791,0.9996307492256165
9c7ed973,gru,256,501,0,0.0001,0.0001,128,21,torch.nn.functional.softplus,250,300,250,50,1.0,softplus,poisson,1.0,,,,0.7864907383918762,0.6287270188331604,0.1616213321685791,0.9996307492256165
ccdb1b61,gru,512,501,0,0.0001,0.0001,128,21,torch.nn.functional.softplus,250,300,250,50,1.0,softplus,poisson,1.0,,,,0.7889987230300903,0.6529698371887207,0.1753147095441818,0.999506413936615
ccdb1b61,gru,512,501,0,0.0001,0.0001,128,21,torch.nn.functional.softplus,250,300,250,50,1.0,softplus,poisson,1.0,,,,0.7889987230300903,0.6529698371887207,0.1753147095441818,0.999506413936615
bd1e055c,gru,32,501,0,0.0001,0.0001,128,21,,250,300,250,50,1.0,softplus,poisson,1.0,,,,0.6750221848487854,0.4887324571609497,0.1224267929792404,0.99899023771286
bd1e055c,gru,32,501,0,0.0001,0.0001,128,21,,250,300,250,50,1.0,softplus,poisson,1.0,,,,0.6750221848487854,0.4887324571609497,0.1224267929792404,0.99899023771286
5786594d,gru,64,501,0,0.0001,0.0001,128,21,,250,300,250,50,1.0,softplus,poisson,1.0,,,,0.2949792444705963,0.1175659596920013,0.0302967112511396,0.9972964525222778
5786594d,gru,64,501,0,0.0001,0.0001,128,21,,250,300,250,50,1.0,softplus,poisson,1.0,,,,0.2949792444705963,0.1175659596920013,0.0302967112511396,0.9972964525222778
d8b3e0a2,gru,128,501,0,0.0001,0.0001,128,21,,250,300,250,50,1.0,softplus,poisson,1.0,,,,0.7425190210342407,0.4926669001579284,0.1226625218987464,0.9995056390762328
d8b3e0a2,gru,128,501,0,0.0001,0.0001,128,21,,250,300,250,50,1.0,softplus,poisson,1.0,,,,0.7425190210342407,0.4926669001579284,0.1226625218987464,0.9995056390762328
3c418561,gru,256,501,0,0.0001,0.0001,128,21,,250,300,250,50,1.0,softplus,poisson,1.0,,,,0.7843112349510193,0.6270068883895874,0.1612753868103027,0.9996315836906432
3c418561,gru,256,501,0,0.0001,0.0001,128,21,,250,300,250,50,1.0,softplus,poisson,1.0,,,,0.7843112349510193,0.6270068883895874,0.1612753868103027,0.9996315836906432
46cff600,gru,512,501,0,0.0001,0.0001,128,21,,250,300,250,50,1.0,softplus,poisson,1.0,,,,0.7893113493919373,0.6525838375091553,0.1752116084098816,0.999505341053009
46cff600,gru,512,501,0,0.0001,0.0001,128,21,,250,300,250,50,1.0,softplus,poisson,1.0,,,,0.7893113493919373,0.6525838375091553,0.1752116084098816,0.999505341053009
d74f44eb,fr,256,500,0,0.0001,0.0001,128,21,torch.nn.functional.softplus,280,300,280,20,1.0,softplus,poisson,1.0,,,,0.7361051440238953,0.5109764933586121,0.1277443617582321,0.9988334774971008
11705b7b,fr,512,500,0,0.0001,0.0001,128,21,torch.nn.functional.softplus,280,300,280,20,1.0,softplus,poisson,1.0,,,,0.8659864664077759,0.7235834002494812,0.1970464587211609,0.987328052520752
d0d533cf,fr,32,500,0,0.0001,0.0001,128,21,torch.nn.functional.softplus,280,300,280,20,1.0,softplus,poisson,1.0,,,,0.6936753988265991,0.4876972138881683,0.1174183934926986,0.9975159764289856
d69306a4,fr,128,500,0,0.0001,0.0001,128,21,torch.nn.functional.softplus,280,300,280,20,1.0,softplus,poisson,1.0,,,,0.079455628991127,-0.123028889298439,-0.0216412357985973,0.9973707795143129
8e730560,fr,64,500,0,0.0001,0.0001,128,21,torch.nn.functional.softplus,280,300,280,20,1.0,softplus,poisson,1.0,,,,0.7163836359977722,0.5176939368247986,0.1249821260571479,0.9977331757545472
d08e6481,fr,32,501,0,0.0001,0.0001,128,21,torch.nn.functional.softplus,280,300,280,20,1.0,softplus,poisson,1.0,,,,0.7268645167350769,0.5027852058410645,0.1205265894532203,0.9974645972251892
d74f44eb,fr,256,500,0,0.0001,0.0001,128,21,torch.nn.functional.softplus,280,300,280,20,1.0,softplus,poisson,1.0,,,,0.7361051440238953,0.5109764933586121,0.1277443617582321,0.9988334774971008
8e730560,fr,64,500,0,0.0001,0.0001,128,21,torch.nn.functional.softplus,280,300,280,20,1.0,softplus,poisson,1.0,,,,0.7163836359977722,0.5176939368247986,0.1249821260571479,0.9977331757545472
d69306a4,fr,128,500,0,0.0001,0.0001,128,21,torch.nn.functional.softplus,280,300,280,20,1.0,softplus,poisson,1.0,,,,0.079455628991127,-0.123028889298439,-0.0216412357985973,0.9973707795143129
d0d533cf,fr,32,500,0,0.0001,0.0001,128,21,torch.nn.functional.softplus,280,300,280,20,1.0,softplus,poisson,1.0,,,,0.6936753988265991,0.4876972138881683,0.1174183934926986,0.9975159764289856
d08e6481,fr,32,501,0,0.0001,0.0001,128,21,torch.nn.functional.softplus,280,300,280,20,1.0,softplus,poisson,1.0,,,,0.7268645167350769,0.5027852058410645,0.1205265894532203,0.9974645972251892
11705b7b,fr,512,500,0,0.0001,0.0001,128,21,torch.nn.functional.softplus,280,300,280,20,1.0,softplus,poisson,1.0,,,,0.8659864664077759,0.7235834002494812,0.1970464587211609,0.987328052520752
6289dc0e,fr,64,501,0,0.0001,0.0001,128,21,torch.nn.functional.softplus,280,300,280,20,1.0,softplus,poisson,1.0,,,,0.6939736604690552,0.4928221702575683,0.1200777068734169,0.9977934956550598
6289dc0e,fr,64,501,0,0.0001,0.0001,128,21,torch.nn.functional.softplus,280,300,280,20,1.0,softplus,poisson,1.0,,,,0.6939736604690552,0.4928221702575683,0.1200777068734169,0.9977934956550598
8ae0abef,fr,128,501,0,0.0001,0.0001,128,21,torch.nn.functional.softplus,280,300,280,20,1.0,softplus,poisson,1.0,,,,0.1684869825839996,-0.0640154257416725,-0.0086193401366472,0.9982578754425048
8ae0abef,fr,128,501,0,0.0001,0.0001,128,21,torch.nn.functional.softplus,280,300,280,20,1.0,softplus,poisson,1.0,,,,0.1684869825839996,-0.0640154257416725,-0.0086193401366472,0.9982578754425048
edd50266,fr,256,501,0,0.0001,0.0001,128,21,torch.nn.functional.softplus,280,300,280,20,1.0,softplus,poisson,1.0,,,,0.5303294658660889,0.3381700217723846,0.0897815749049186,0.999192476272583
edd50266,fr,256,501,0,0.0001,0.0001,128,21,torch.nn.functional.softplus,280,300,280,20,1.0,softplus,poisson,1.0,,,,0.5303294658660889,0.3381700217723846,0.0897815749049186,0.999192476272583
2bc7620c,fr,512,501,0,0.0001,0.0001,128,21,torch.nn.functional.softplus,280,300,280,20,1.0,softplus,poisson,1.0,,,,0.8931621313095093,0.8185802102088928,0.2252764999866485,0.9947478771209716
2bc7620c,fr,512,501,0,0.0001,0.0001,128,21,torch.nn.functional.softplus,280,300,280,20,1.0,softplus,poisson,1.0,,,,0.8931621313095093,0.8185802102088928,0.2252764999866485,0.9947478771209716
9fc5a207,node,3,500,0,0.002,0.0,128,21,,200,300,200,100,1.0,softplus,poisson,1.0,0.05,128.0,3.0,0.980894923210144,0.9991166591644288,0.2740267813205719,0.9999729990959167
3426dada,node,32,500,0,0.002,0.0,128,21,,200,300,200,100,1.0,softplus,poisson,1.0,0.05,128.0,3.0,0.9017063975334167,0.9966827034950256,0.2736690640449524,0.9448735117912292
e3f2eaab,node,5,500,0,0.002,0.0,128,21,,200,300,200,100,1.0,softplus,poisson,1.0,0.05,128.0,3.0,0.979286789894104,0.9988322257995604,0.2738611698150635,0.9998860955238342
0b6fac9c,node,2,500,0,0.002,0.0,128,21,,200,300,200,100,1.0,softplus,poisson,1.0,0.05,128.0,3.0,0.9824972748756408,0.9991785287857056,0.2740322947502136,1.0
59b00e22,node,10,500,0,0.002,0.0,128,21,,200,300,200,100,1.0,softplus,poisson,1.0,0.05,128.0,3.0,0.9705178141593932,0.9939358234405518,0.2729727923870086,0.9989921450614928
59b00e22,node,10,500,0,0.002,0.0,128,21,,200,300,200,100,1.0,softplus,poisson,1.0,0.05,128.0,3.0,0.9705178141593932,0.9939358234405518,0.2729727923870086,0.9989921450614928
e3f2eaab,node,5,500,0,0.002,0.0,128,21,,200,300,200,100,1.0,softplus,poisson,1.0,0.05,128.0,3.0,0.979286789894104,0.9988322257995604,0.2738611698150635,0.9998860955238342
9fc5a207,node,3,500,0,0.002,0.0,128,21,,200,300,200,100,1.0,softplus,poisson,1.0,0.05,128.0,3.0,0.980894923210144,0.9991166591644288,0.2740267813205719,0.9999729990959167
3426dada,node,32,500,0,0.002,0.0,128,21,,200,300,200,100,1.0,softplus,poisson,1.0,0.05,128.0,3.0,0.9017063975334167,0.9966827034950256,0.2736690640449524,0.9448735117912292
0b6fac9c,node,2,500,0,0.002,0.0,128,21,,200,300,200,100,1.0,softplus,poisson,1.0,0.05,128.0,3.0,0.9824972748756408,0.9991785287857056,0.2740322947502136,1.0
3d0639c4,node,64,500,0,0.002,0.0,128,21,,200,300,200,100,1.0,softplus,poisson,1.0,0.05,128.0,3.0,0.7159251570701599,0.9937766194343568,0.2730643153190613,0.8884775042533875
3d0639c4,node,64,500,0,0.002,0.0,128,21,,200,300,200,100,1.0,softplus,poisson,1.0,0.05,128.0,3.0,0.7159251570701599,0.9937766194343568,0.2730643153190613,0.8884775042533875
4bf5646a,node,2,501,0,0.002,0.0,128,21,,200,300,200,100,1.0,softplus,poisson,1.0,0.05,128.0,3.0,0.9788213968276978,0.9974411725997924,0.2736454308032989,1.0
4bf5646a,node,2,501,0,0.002,0.0,128,21,,200,300,200,100,1.0,softplus,poisson,1.0,0.05,128.0,3.0,0.9788213968276978,0.9974411725997924,0.2736454308032989,1.0
7043f7cf,node,3,501,0,0.002,0.0,128,21,,200,300,200,100,1.0,softplus,poisson,1.0,0.05,128.0,3.0,0.9790578484535216,0.9991918206214904,0.2740205824375152,0.999973475933075
7043f7cf,node,3,501,0,0.002,0.0,128,21,,200,300,200,100,1.0,softplus,poisson,1.0,0.05,128.0,3.0,0.9790578484535216,0.9991918206214904,0.2740205824375152,0.999973475933075
00176cf7,node,5,501,0,0.002,0.0,128,21,,200,300,200,100,1.0,softplus,poisson,1.0,0.05,128.0,3.0,0.9774628281593324,0.9978889226913452,0.2738439440727234,0.9998883605003356
00176cf7,node,5,501,0,0.002,0.0,128,21,,200,300,200,100,1.0,softplus,poisson,1.0,0.05,128.0,3.0,0.9774628281593324,0.9978889226913452,0.2738439440727234,0.9998883605003356
f2c9360a,node,10,501,0,0.002,0.0,128,21,,200,300,200,100,1.0,softplus,poisson,1.0,0.05,128.0,3.0,0.9759012460708618,0.998742401599884,0.2739164531230926,0.9989753365516664
f2c9360a,node,10,501,0,0.002,0.0,128,21,,200,300,200,100,1.0,softplus,poisson,1.0,0.05,128.0,3.0,0.9759012460708618,0.998742401599884,0.2739164531230926,0.9989753365516664
c789fc51,node,32,501,0,0.002,0.0,128,21,,200,300,200,100,1.0,softplus,poisson,1.0,0.05,128.0,3.0,0.9014202952384948,0.9963109493255616,0.2735700905323028,0.9460118412971495
c789fc51,node,32,501,0,0.002,0.0,128,21,,200,300,200,100,1.0,softplus,poisson,1.0,0.05,128.0,3.0,0.9014202952384948,0.9963109493255616,0.2735700905323028,0.9460118412971495
dc70cdf9,node,64,501,0,0.002,0.0,128,21,,200,300,200,100,1.0,softplus,poisson,1.0,0.05,128.0,3.0,0.7172397375106812,0.9938772916793824,0.2731748521327972,0.8913396596908569
dc70cdf9,node,64,501,0,0.002,0.0,128,21,,200,300,200,100,1.0,softplus,poisson,1.0,0.05,128.0,3.0,0.7172397375106812,0.9938772916793824,0.2731748521327972,0.8913396596908569
d74f44eb,fr,256,500,0,0.0001,0.0001,128,21,torch.nn.functional.softplus,280,300,280,20,1.0,softplus,poisson,1.0,,,,0.7361051440238953,0.5109764933586121,0.1277443617582321,0.9988334774971008
af7b129d,fr,32,500,0,0.0001,0.0001,128,21,,280,300,280,20,1.0,softplus,poisson,1.0,,,,0.6927120685577393,0.4874184429645538,0.1173416003584861,0.9975162744522096
d0d533cf,fr,32,500,0,0.0001,0.0001,128,21,torch.nn.functional.softplus,280,300,280,20,1.0,softplus,poisson,1.0,,,,0.6936753988265991,0.4876972138881683,0.1174183934926986,0.9975159764289856
8e730560,fr,64,500,0,0.0001,0.0001,128,21,torch.nn.functional.softplus,280,300,280,20,1.0,softplus,poisson,1.0,,,,0.7163836359977722,0.5176939368247986,0.1249821260571479,0.9977331757545472
d69306a4,fr,128,500,0,0.0001,0.0001,128,21,torch.nn.functional.softplus,280,300,280,20,1.0,softplus,poisson,1.0,,,,0.079455628991127,-0.123028889298439,-0.0216412357985973,0.9973707795143129
11705b7b,fr,512,500,0,0.0001,0.0001,128,21,torch.nn.functional.softplus,280,300,280,20,1.0,softplus,poisson,1.0,,,,0.8659864664077759,0.7235834002494812,0.1970464587211609,0.987328052520752
d74f44eb,fr,256,500,0,0.0001,0.0001,128,21,torch.nn.functional.softplus,280,300,280,20,1.0,softplus,poisson,1.0,,,,0.7361051440238953,0.5109764933586121,0.1277443617582321,0.9988334774971008
8e730560,fr,64,500,0,0.0001,0.0001,128,21,torch.nn.functional.softplus,280,300,280,20,1.0,softplus,poisson,1.0,,,,0.7163836359977722,0.5176939368247986,0.1249821260571479,0.9977331757545472
d0d533cf,fr,32,500,0,0.0001,0.0001,128,21,torch.nn.functional.softplus,280,300,280,20,1.0,softplus,poisson,1.0,,,,0.6936753988265991,0.4876972138881683,0.1174183934926986,0.9975159764289856
af7b129d,fr,32,500,0,0.0001,0.0001,128,21,,280,300,280,20,1.0,softplus,poisson,1.0,,,,0.6927120685577393,0.4874184429645538,0.1173416003584861,0.9975162744522096
d69306a4,fr,128,500,0,0.0001,0.0001,128,21,torch.nn.functional.softplus,280,300,280,20,1.0,softplus,poisson,1.0,,,,0.079455628991127,-0.123028889298439,-0.0216412357985973,0.9973707795143129
11705b7b,fr,512,500,0,0.0001,0.0001,128,21,torch.nn.functional.softplus,280,300,280,20,1.0,softplus,poisson,1.0,,,,0.8659864664077759,0.7235834002494812,0.1970464587211609,0.987328052520752
32ff975a,fr,64,500,0,0.0001,0.0001,128,21,,280,300,280,20,1.0,softplus,poisson,1.0,,,,0.7169873118400574,0.5181642174720764,0.1250713616609573,0.9977335929870604
32ff975a,fr,64,500,0,0.0001,0.0001,128,21,,280,300,280,20,1.0,softplus,poisson,1.0,,,,0.7169873118400574,0.5181642174720764,0.1250713616609573,0.9977335929870604
a1397d01,fr,128,500,0,0.0001,0.0001,128,21,,280,300,280,20,1.0,softplus,poisson,1.0,,,,0.0729655027389526,-0.1305063515901565,-0.0234308820217847,0.9973177909851074
a1397d01,fr,128,500,0,0.0001,0.0001,128,21,,280,300,280,20,1.0,softplus,poisson,1.0,,,,0.0729655027389526,-0.1305063515901565,-0.0234308820217847,0.9973177909851074
54b25375,fr,256,500,0,0.0001,0.0001,128,21,,280,300,280,20,1.0,softplus,poisson,1.0,,,,0.7366806268692017,0.5113088488578796,0.1278208047151565,0.998833417892456
54b25375,fr,256,500,0,0.0001,0.0001,128,21,,280,300,280,20,1.0,softplus,poisson,1.0,,,,0.7366806268692017,0.5113088488578796,0.1278208047151565,0.998833417892456
d18cfa2a,fr,512,500,0,0.0001,0.0001,128,21,,280,300,280,20,1.0,softplus,poisson,1.0,,,,0.8659857511520386,0.7235840559005737,0.197046622633934,0.9873279333114624
d18cfa2a,fr,512,500,0,0.0001,0.0001,128,21,,280,300,280,20,1.0,softplus,poisson,1.0,,,,0.8659857511520386,0.7235840559005737,0.197046622633934,0.9873279333114624
d08e6481,fr,32,501,0,0.0001,0.0001,128,21,torch.nn.functional.softplus,280,300,280,20,1.0,softplus,poisson,1.0,,,,0.7268645167350769,0.5027852058410645,0.1205265894532203,0.9974645972251892
d08e6481,fr,32,501,0,0.0001,0.0001,128,21,torch.nn.functional.softplus,280,300,280,20,1.0,softplus,poisson,1.0,,,,0.7268645167350769,0.5027852058410645,0.1205265894532203,0.9974645972251892
6289dc0e,fr,64,501,0,0.0001,0.0001,128,21,torch.nn.functional.softplus,280,300,280,20,1.0,softplus,poisson,1.0,,,,0.6939736604690552,0.4928221702575683,0.1200777068734169,0.9977934956550598
6289dc0e,fr,64,501,0,0.0001,0.0001,128,21,torch.nn.functional.softplus,280,300,280,20,1.0,softplus,poisson,1.0,,,,0.6939736604690552,0.4928221702575683,0.1200777068734169,0.9977934956550598
8ae0abef,fr,128,501,0,0.0001,0.0001,128,21,torch.nn.functional.softplus,280,300,280,20,1.0,softplus,poisson,1.0,,,,0.1684869825839996,-0.0640154257416725,-0.0086193401366472,0.9982578754425048
8ae0abef,fr,128,501,0,0.0001,0.0001,128,21,torch.nn.functional.softplus,280,300,280,20,1.0,softplus,poisson,1.0,,,,0.1684869825839996,-0.0640154257416725,-0.0086193401366472,0.9982578754425048
edd50266,fr,256,501,0,0.0001,0.0001,128,21,torch.nn.functional.softplus,280,300,280,20,1.0,softplus,poisson,1.0,,,,0.5303294658660889,0.3381700217723846,0.0897815749049186,0.999192476272583
edd50266,fr,256,501,0,0.0001,0.0001,128,21,torch.nn.functional.softplus,280,300,280,20,1.0,softplus,poisson,1.0,,,,0.5303294658660889,0.3381700217723846,0.0897815749049186,0.999192476272583
2bc7620c,fr,512,501,0,0.0001,0.0001,128,21,torch.nn.functional.softplus,280,300,280,20,1.0,softplus,poisson,1.0,,,,0.8931621313095093,0.8185802102088928,0.2252764999866485,0.9947478771209716
2bc7620c,fr,512,501,0,0.0001,0.0001,128,21,torch.nn.functional.softplus,280,300,280,20,1.0,softplus,poisson,1.0,,,,0.8931621313095093,0.8185802102088928,0.2252764999866485,0.9947478771209716
b12a15ab,fr,32,501,0,0.0001,0.0001,128,21,,280,300,280,20,1.0,softplus,poisson,1.0,,,,0.7257903814315796,0.5024194717407227,0.1204506754875183,0.997467041015625
b12a15ab,fr,32,501,0,0.0001,0.0001,128,21,,280,300,280,20,1.0,softplus,poisson,1.0,,,,0.7257903814315796,0.5024194717407227,0.1204506754875183,0.997467041015625
26784770,fr,128,501,0,0.0001,0.0001,128,21,,280,300,280,20,1.0,softplus,poisson,1.0,,,,0.1707848161458969,-0.062503769993782,-0.0082269944250583,0.9982590079307556
67e0e7a7,fr,64,501,0,0.0001,0.0001,128,21,,280,300,280,20,1.0,softplus,poisson,1.0,,,,0.6934563517570496,0.4931024610996246,0.1201392188668251,0.997793674468994
26784770,fr,128,501,0,0.0001,0.0001,128,21,,280,300,280,20,1.0,softplus,poisson,1.0,,,,0.1707848161458969,-0.062503769993782,-0.0082269944250583,0.9982590079307556
67e0e7a7,fr,64,501,0,0.0001,0.0001,128,21,,280,300,280,20,1.0,softplus,poisson,1.0,,,,0.6934563517570496,0.4931024610996246,0.1201392188668251,0.997793674468994
e9d58413,fr,256,501,0,0.0001,0.0001,128,21,,280,300,280,20,1.0,softplus,poisson,1.0,,,,0.5279367566108704,0.3363611102104187,0.0892800763249397,0.9991911053657532
e9d58413,fr,256,501,0,0.0001,0.0001,128,21,,280,300,280,20,1.0,softplus,poisson,1.0,,,,0.5279367566108704,0.3363611102104187,0.0892800763249397,0.9991911053657532
116e9443,fr,512,501,0,0.0001,0.0001,128,21,,280,300,280,20,1.0,softplus,poisson,1.0,,,,0.8931522369384766,0.8185657262802124,0.2252724170684814,0.9947476387023926
116e9443,fr,512,501,0,0.0001,0.0001,128,21,,280,300,280,20,1.0,softplus,poisson,1.0,,,,0.8931522369384766,0.8185657262802124,0.2252724170684814,0.9947476387023926
5381e3f2,node,2,500,0,0.002,0.0,128,21,torch.nn.functional.softplus,250,300,250,50,1.0,softplus,poisson,1.0,0.05,128.0,3.0,0.9806690216064452,0.9980563521385192,0.27366504073143,1.0
c9445502,node,3,500,0,0.002,0.0,128,21,torch.nn.functional.softplus,250,300,250,50,1.0,softplus,poisson,1.0,0.05,128.0,3.0,0.97857266664505,0.9978944063186646,0.2736632525920868,0.9999819397926332
f922eed3,node,10,500,0,0.002,0.0,128,21,torch.nn.functional.softplus,250,300,250,50,1.0,softplus,poisson,1.0,0.05,128.0,3.0,0.976785123348236,0.9989932179450988,0.2738737165927887,0.9988794922828674
dc38b122,node,32,500,0,0.002,0.0,128,21,torch.nn.functional.softplus,250,300,250,50,1.0,softplus,poisson,1.0,0.05,128.0,3.0,0.9180804491043092,0.9964005947113036,0.2734042406082153,0.9556443691253662
9005e221,node,5,500,0,0.002,0.0,128,21,torch.nn.functional.softplus,250,300,250,50,1.0,softplus,poisson,1.0,0.05,128.0,3.0,0.9792388081550598,0.9995684027671814,0.2740470767021179,0.999876856803894
5381e3f2,node,2,500,0,0.002,0.0,128,21,torch.nn.functional.softplus,250,300,250,50,1.0,softplus,poisson,1.0,0.05,128.0,3.0,0.9806690216064452,0.9980563521385192,0.27366504073143,1.0
c9445502,node,3,500,0,0.002,0.0,128,21,torch.nn.functional.softplus,250,300,250,50,1.0,softplus,poisson,1.0,0.05,128.0,3.0,0.97857266664505,0.9978944063186646,0.2736632525920868,0.9999819397926332
f922eed3,node,10,500,0,0.002,0.0,128,21,torch.nn.functional.softplus,250,300,250,50,1.0,softplus,poisson,1.0,0.05,128.0,3.0,0.976785123348236,0.9989932179450988,0.2738737165927887,0.9988794922828674
9005e221,node,5,500,0,0.002,0.0,128,21,torch.nn.functional.softplus,250,300,250,50,1.0,softplus,poisson,1.0,0.05,128.0,3.0,0.9792388081550598,0.9995684027671814,0.2740470767021179,0.999876856803894
dc38b122,node,32,500,0,0.002,0.0,128,21,torch.nn.functional.softplus,250,300,250,50,1.0,softplus,poisson,1.0,0.05,128.0,3.0,0.9180804491043092,0.9964005947113036,0.2734042406082153,0.9556443691253662
a6353ced,node,64,500,0,0.002,0.0,128,21,torch.nn.functional.softplus,250,300,250,50,1.0,softplus,poisson,1.0,0.05,128.0,3.0,0.7208279967308044,0.9949073195457458,0.2731866240501404,0.883963406085968
a6353ced,node,64,500,0,0.002,0.0,128,21,torch.nn.functional.softplus,250,300,250,50,1.0,softplus,poisson,1.0,0.05,128.0,3.0,0.7208279967308044,0.9949073195457458,0.2731866240501404,0.883963406085968
fb24d9f8,node,2,501,0,0.002,0.0,128,21,torch.nn.functional.softplus,250,300,250,50,1.0,softplus,poisson,1.0,0.05,128.0,3.0,0.9801496267318726,0.9990773797035216,0.2738065123558044,1.0
fb24d9f8,node,2,501,0,0.002,0.0,128,21,torch.nn.functional.softplus,250,300,250,50,1.0,softplus,poisson,1.0,0.05,128.0,3.0,0.9801496267318726,0.9990773797035216,0.2738065123558044,1.0
26bbb2cc,node,3,501,0,0.002,0.0,128,21,torch.nn.functional.softplus,250,300,250,50,1.0,softplus,poisson,1.0,0.05,128.0,3.0,0.9806074500083924,0.9981774687767028,0.2737388014793396,0.9999809861183168
26bbb2cc,node,3,501,0,0.002,0.0,128,21,torch.nn.functional.softplus,250,300,250,50,1.0,softplus,poisson,1.0,0.05,128.0,3.0,0.9806074500083924,0.9981774687767028,0.2737388014793396,0.9999809861183168
cf469e87,node,5,501,0,0.002,0.0,128,21,torch.nn.functional.softplus,250,300,250,50,1.0,softplus,poisson,1.0,0.05,128.0,3.0,0.9786170125007628,0.9984147548675536,0.2737517654895782,0.9998873472213744
cf469e87,node,5,501,0,0.002,0.0,128,21,torch.nn.functional.softplus,250,300,250,50,1.0,softplus,poisson,1.0,0.05,128.0,3.0,0.9786170125007628,0.9984147548675536,0.2737517654895782,0.9998873472213744
3c935dd9,node,10,501,0,0.002,0.0,128,21,torch.nn.functional.softplus,250,300,250,50,1.0,softplus,poisson,1.0,0.05,128.0,3.0,0.9772960543632508,0.9991559386253356,0.273919403553009,0.9988305568695068
3c935dd9,node,10,501,0,0.002,0.0,128,21,torch.nn.functional.softplus,250,300,250,50,1.0,softplus,poisson,1.0,0.05,128.0,3.0,0.9772960543632508,0.9991559386253356,0.273919403553009,0.9988305568695068
78997247,node,32,501,0,0.002,0.0,128,21,torch.nn.functional.softplus,250,300,250,50,1.0,softplus,poisson,1.0,0.05,128.0,3.0,0.9156295657157898,0.9967317581176758,0.2735759615898132,0.9564696550369264
78997247,node,32,501,0,0.002,0.0,128,21,torch.nn.functional.softplus,250,300,250,50,1.0,softplus,poisson,1.0,0.05,128.0,3.0,0.9156295657157898,0.9967317581176758,0.2735759615898132,0.9564696550369264
90ff7966,node,64,501,0,0.002,0.0,128,21,torch.nn.functional.softplus,250,300,250,50,1.0,softplus,poisson,1.0,0.05,128.0,3.0,0.7196096181869507,0.9939283728599548,0.2729256749153137,0.8869947195053101
90ff7966,node,64,501,0,0.002,0.0,128,21,torch.nn.functional.softplus,250,300,250,50,1.0,softplus,poisson,1.0,0.05,128.0,3.0,0.7196096181869507,0.9939283728599548,0.2729256749153137,0.8869947195053101
d77eca26,fr,128,500,0,0.0001,0.0001,128,21,torch.nn.functional.softplus,200,300,200,100,1.0,softplus,poisson,1.0,,,,0.6688188910484314,0.5308244228363037,0.1307615637779235,0.9985702633857728
226a1496,fr,64,500,0,0.0001,0.0001,128,21,torch.nn.functional.softplus,200,300,200,100,1.0,softplus,poisson,1.0,,,,0.6935294270515442,0.4609693884849548,0.1132733523845672,0.9958010911941528
cb262021,fr,32,500,0,0.0001,0.0001,128,21,torch.nn.functional.softplus,200,300,200,100,1.0,softplus,poisson,1.0,,,,0.7518059611320496,0.4209400117397308,0.1016891673207283,0.998049020767212
5d21cdb9,fr,512,500,0,0.0001,0.0001,128,21,torch.nn.functional.softplus,200,300,200,100,1.0,softplus,poisson,1.0,,,,0.9179543852806092,0.8313489556312561,0.2239361405372619,0.9853476285934448
6b3531ea,fr,32,500,0,0.0001,0.0001,128,21,,200,300,200,100,1.0,softplus,poisson,1.0,,,,0.7525493502616882,0.4209744930267334,0.1016754880547523,0.9980400800704956
0346e5e1,fr,256,500,0,0.0001,0.0001,128,21,torch.nn.functional.softplus,200,300,200,100,1.0,softplus,poisson,1.0,,,,0.6674314141273499,0.590938925743103,0.1507807374000549,0.9992705583572388
226a1496,fr,64,500,0,0.0001,0.0001,128,21,torch.nn.functional.softplus,200,300,200,100,1.0,softplus,poisson,1.0,,,,0.6935294270515442,0.4609693884849548,0.1132733523845672,0.9958010911941528
cb262021,fr,32,500,0,0.0001,0.0001,128,21,torch.nn.functional.softplus,200,300,200,100,1.0,softplus,poisson,1.0,,,,0.7518059611320496,0.4209400117397308,0.1016891673207283,0.998049020767212
5d21cdb9,fr,512,500,0,0.0001,0.0001,128,21,torch.nn.functional.softplus,200,300,200,100,1.0,softplus,poisson,1.0,,,,0.9179543852806092,0.8313489556312561,0.2239361405372619,0.9853476285934448
d77eca26,fr,128,500,0,0.0001,0.0001,128,21,torch.nn.functional.softplus,200,300,200,100,1.0,softplus,poisson,1.0,,,,0.6688188910484314,0.5308244228363037,0.1307615637779235,0.9985702633857728
6b3531ea,fr,32,500,0,0.0001,0.0001,128,21,,200,300,200,100,1.0,softplus,poisson,1.0,,,,0.7525493502616882,0.4209744930267334,0.1016754880547523,0.9980400800704956
0346e5e1,fr,256,500,0,0.0001,0.0001,128,21,torch.nn.functional.softplus,200,300,200,100,1.0,softplus,poisson,1.0,,,,0.6674314141273499,0.590938925743103,0.1507807374000549,0.9992705583572388
8db5b72f,fr,64,500,0,0.0001,0.0001,128,21,,200,300,200,100,1.0,softplus,poisson,1.0,,,,0.6922239661216736,0.4605668783187866,0.1131948009133338,0.9958118796348572
3a31f388,fr,128,500,0,0.0001,0.0001,128,21,,200,300,200,100,1.0,softplus,poisson,1.0,,,,0.6683812141418457,0.5303843021392822,0.130662590265274,0.9985700845718384
3a31f388,fr,128,500,0,0.0001,0.0001,128,21,,200,300,200,100,1.0,softplus,poisson,1.0,,,,0.6683812141418457,0.5303843021392822,0.130662590265274,0.9985700845718384
8db5b72f,fr,64,500,0,0.0001,0.0001,128,21,,200,300,200,100,1.0,softplus,poisson,1.0,,,,0.6922239661216736,0.4605668783187866,0.1131948009133338,0.9958118796348572
9123938b,fr,256,500,0,0.0001,0.0001,128,21,,200,300,200,100,1.0,softplus,poisson,1.0,,,,0.6673657298088074,0.591010332107544,0.1508034765720367,0.9992709159851074
9123938b,fr,256,500,0,0.0001,0.0001,128,21,,200,300,200,100,1.0,softplus,poisson,1.0,,,,0.6673657298088074,0.591010332107544,0.1508034765720367,0.9992709159851074
491f4d12,fr,512,500,0,0.0001,0.0001,128,21,,200,300,200,100,1.0,softplus,poisson,1.0,,,,0.9179583787918092,0.8313596844673157,0.2239388078451156,0.9853484034538268
491f4d12,fr,512,500,0,0.0001,0.0001,128,21,,200,300,200,100,1.0,softplus,poisson,1.0,,,,0.9179583787918092,0.8313596844673157,0.2239388078451156,0.9853484034538268
5db28766,fr,32,501,0,0.0001,0.0001,128,21,torch.nn.functional.softplus,200,300,200,100,1.0,softplus,poisson,1.0,,,,0.748973548412323,0.4218825995922088,0.1018979772925376,0.99806547164917
5db28766,fr,32,501,0,0.0001,0.0001,128,21,torch.nn.functional.softplus,200,300,200,100,1.0,softplus,poisson,1.0,,,,0.748973548412323,0.4218825995922088,0.1018979772925376,0.99806547164917
ab17c719,fr,64,501,0,0.0001,0.0001,128,21,torch.nn.functional.softplus,200,300,200,100,1.0,softplus,poisson,1.0,,,,0.5642573237419128,0.3432947695255279,0.0841824635863304,0.9952634572982788
ab17c719,fr,64,501,0,0.0001,0.0001,128,21,torch.nn.functional.softplus,200,300,200,100,1.0,softplus,poisson,1.0,,,,0.5642573237419128,0.3432947695255279,0.0841824635863304,0.9952634572982788
91466bac,fr,128,501,0,0.0001,0.0001,128,21,torch.nn.functional.softplus,200,300,200,100,1.0,softplus,poisson,1.0,,,,0.6771126985549927,0.5315623879432678,0.1307443380355835,0.9985306859016418
91466bac,fr,128,501,0,0.0001,0.0001,128,21,torch.nn.functional.softplus,200,300,200,100,1.0,softplus,poisson,1.0,,,,0.6771126985549927,0.5315623879432678,0.1307443380355835,0.9985306859016418
ecf08c3e,fr,256,501,0,0.0001,0.0001,128,21,torch.nn.functional.softplus,200,300,200,100,1.0,softplus,poisson,1.0,,,,0.6962316036224365,0.5305357575416565,0.1347692757844925,0.9989367127418518
ecf08c3e,fr,256,501,0,0.0001,0.0001,128,21,torch.nn.functional.softplus,200,300,200,100,1.0,softplus,poisson,1.0,,,,0.6962316036224365,0.5305357575416565,0.1347692757844925,0.9989367127418518
2456e958,fr,512,501,0,0.0001,0.0001,128,21,torch.nn.functional.softplus,200,300,200,100,1.0,softplus,poisson,1.0,,,,0.88088458776474,0.8245242238044739,0.2237330228090286,0.9948031902313232
2456e958,fr,512,501,0,0.0001,0.0001,128,21,torch.nn.functional.softplus,200,300,200,100,1.0,softplus,poisson,1.0,,,,0.88088458776474,0.8245242238044739,0.2237330228090286,0.9948031902313232
bed9658e,fr,32,501,0,0.0001,0.0001,128,21,,200,300,200,100,1.0,softplus,poisson,1.0,,,,0.7518183588981628,0.4226241409778595,0.1020580977201461,0.9980587363243104
bed9658e,fr,32,501,0,0.0001,0.0001,128,21,,200,300,200,100,1.0,softplus,poisson,1.0,,,,0.7518183588981628,0.4226241409778595,0.1020580977201461,0.9980587363243104
4925fdf9,fr,64,501,0,0.0001,0.0001,128,21,,200,300,200,100,1.0,softplus,poisson,1.0,,,,0.5629898905754089,0.3418547809123993,0.0838435739278793,0.995250940322876
4925fdf9,fr,64,501,0,0.0001,0.0001,128,21,,200,300,200,100,1.0,softplus,poisson,1.0,,,,0.5629898905754089,0.3418547809123993,0.0838435739278793,0.995250940322876
11bb2f49,fr,128,501,0,0.0001,0.0001,128,21,,200,300,200,100,1.0,softplus,poisson,1.0,,,,0.675700843334198,0.5317956209182739,0.1308152377605438,0.998537540435791
11bb2f49,fr,128,501,0,0.0001,0.0001,128,21,,200,300,200,100,1.0,softplus,poisson,1.0,,,,0.675700843334198,0.5317956209182739,0.1308152377605438,0.998537540435791
1cc9649b,fr,256,501,0,0.0001,0.0001,128,21,,200,300,200,100,1.0,softplus,poisson,1.0,,,,0.6967933177947998,0.5338525772094727,0.1355042904615402,0.9989421963691713
1cc9649b,fr,256,501,0,0.0001,0.0001,128,21,,200,300,200,100,1.0,softplus,poisson,1.0,,,,0.6967933177947998,0.5338525772094727,0.1355042904615402,0.9989421963691713
2fcbfe2e,fr,512,501,0,0.0001,0.0001,128,21,,200,300,200,100,1.0,softplus,poisson,1.0,,,,0.8808842897415161,0.8245168924331665,0.2237319499254226,0.9948039054870604
2fcbfe2e,fr,512,501,0,0.0001,0.0001,128,21,,200,300,200,100,1.0,softplus,poisson,1.0,,,,0.8808842897415161,0.8245168924331665,0.2237319499254226,0.9948039054870604
5c38b333,node,10,500,0,0.002,0.0,128,21,torch.nn.functional.softplus,280,300,280,20,1.0,softplus,poisson,1.0,0.05,128.0,3.0,0.9773350358009338,0.9982832670211792,0.2741325199604034,0.9991200566291808
a4fe3335,node,5,500,0,0.002,0.0,128,21,torch.nn.functional.softplus,280,300,280,20,1.0,softplus,poisson,1.0,0.05,128.0,3.0,0.9786662459373474,0.9986362457275392,0.2741886973381042,0.9999017715454102
d3a07ea8,node,2,500,0,0.002,0.0,128,21,torch.nn.functional.softplus,280,300,280,20,1.0,softplus,poisson,1.0,0.05,128.0,3.0,0.979384422302246,0.9996048212051392,0.2743863761425018,1.0
d7dffc1f,node,32,500,0,0.002,0.0,128,21,torch.nn.functional.softplus,280,300,280,20,1.0,softplus,poisson,1.0,0.05,128.0,3.0,0.8859103322029114,0.9964604377746582,0.2737929821014404,0.944862186908722
3341a8ee,node,3,500,0,0.002,0.0,128,21,torch.nn.functional.softplus,280,300,280,20,1.0,softplus,poisson,1.0,0.05,128.0,3.0,0.9771782755851746,0.9965521097183228,0.2736818492412567,0.9999767541885376
a4fe3335,node,5,500,0,0.002,0.0,128,21,torch.nn.functional.softplus,280,300,280,20,1.0,softplus,poisson,1.0,0.05,128.0,3.0,0.9786662459373474,0.9986362457275392,0.2741886973381042,0.9999017715454102
3341a8ee,node,3,500,0,0.002,0.0,128,21,torch.nn.functional.softplus,280,300,280,20,1.0,softplus,poisson,1.0,0.05,128.0,3.0,0.9771782755851746,0.9965521097183228,0.2736818492412567,0.9999767541885376
d3a07ea8,node,2,500,0,0.002,0.0,128,21,torch.nn.functional.softplus,280,300,280,20,1.0,softplus,poisson,1.0,0.05,128.0,3.0,0.979384422302246,0.9996048212051392,0.2743863761425018,1.0
5c38b333,node,10,500,0,0.002,0.0,128,21,torch.nn.functional.softplus,280,300,280,20,1.0,softplus,poisson,1.0,0.05,128.0,3.0,0.9773350358009338,0.9982832670211792,0.2741325199604034,0.9991200566291808
d7dffc1f,node,32,500,0,0.002,0.0,128,21,torch.nn.functional.softplus,280,300,280,20,1.0,softplus,poisson,1.0,0.05,128.0,3.0,0.8859103322029114,0.9964604377746582,0.2737929821014404,0.944862186908722
aaffb04f,node,64,500,0,0.002,0.0,128,21,torch.nn.functional.softplus,280,300,280,20,1.0,softplus,poisson,1.0,0.05,128.0,3.0,0.7303242087364197,0.9948075413703918,0.2734169960021972,0.8872339725494385
aaffb04f,node,64,500,0,0.002,0.0,128,21,torch.nn.functional.softplus,280,300,280,20,1.0,softplus,poisson,1.0,0.05,128.0,3.0,0.7303242087364197,0.9948075413703918,0.2734169960021972,0.8872339725494385
707c0cca,node,2,501,0,0.002,0.0,128,21,torch.nn.functional.softplus,280,300,280,20,1.0,softplus,poisson,1.0,0.05,128.0,3.0,0.9792165756225586,0.9986984133720398,0.2742237150669098,1.0
df77dd6f,node,3,501,0,0.002,0.0,128,21,torch.nn.functional.softplus,280,300,280,20,1.0,softplus,poisson,1.0,0.05,128.0,3.0,0.982237994670868,0.9993237257003784,0.2742946445941925,0.999975562095642
7173f9ea,node,5,501,0,0.002,0.0,128,21,torch.nn.functional.softplus,280,300,280,20,1.0,softplus,poisson,1.0,0.05,128.0,3.0,0.9797726273536682,0.9992709755897522,0.2742667496204376,0.999903917312622
707c0cca,node,2,501,0,0.002,0.0,128,21,torch.nn.functional.softplus,280,300,280,20,1.0,softplus,poisson,1.0,0.05,128.0,3.0,0.9792165756225586,0.9986984133720398,0.2742237150669098,1.0
df77dd6f,node,3,501,0,0.002,0.0,128,21,torch.nn.functional.softplus,280,300,280,20,1.0,softplus,poisson,1.0,0.05,128.0,3.0,0.982237994670868,0.9993237257003784,0.2742946445941925,0.999975562095642
7173f9ea,node,5,501,0,0.002,0.0,128,21,torch.nn.functional.softplus,280,300,280,20,1.0,softplus,poisson,1.0,0.05,128.0,3.0,0.9797726273536682,0.9992709755897522,0.2742667496204376,0.999903917312622
961f583a,node,10,501,0,0.002,0.0,128,21,torch.nn.functional.softplus,280,300,280,20,1.0,softplus,poisson,1.0,0.05,128.0,3.0,0.979146420955658,0.9991809129714966,0.274283617734909,0.9991049766540528
961f583a,node,10,501,0,0.002,0.0,128,21,torch.nn.functional.softplus,280,300,280,20,1.0,softplus,poisson,1.0,0.05,128.0,3.0,0.979146420955658,0.9991809129714966,0.274283617734909,0.9991049766540528
c07830b5,node,32,501,0,0.002,0.0,128,21,torch.nn.functional.softplus,280,300,280,20,1.0,softplus,poisson,1.0,0.05,128.0,3.0,0.8851223587989807,0.996705949306488,0.2739042639732361,0.943129301071167
c07830b5,node,32,501,0,0.002,0.0,128,21,torch.nn.functional.softplus,280,300,280,20,1.0,softplus,poisson,1.0,0.05,128.0,3.0,0.8851223587989807,0.996705949306488,0.2739042639732361,0.943129301071167
558e9526,node,64,501,0,0.002,0.0,128,21,torch.nn.functional.softplus,280,300,280,20,1.0,softplus,poisson,1.0,0.05,128.0,3.0,0.7323572635650635,0.9948214888572692,0.2735229432582855,0.8904833793640137
558e9526,node,64,501,0,0.002,0.0,128,21,torch.nn.functional.softplus,280,300,280,20,1.0,softplus,poisson,1.0,0.05,128.0,3.0,0.7323572635650635,0.9948214888572692,0.2735229432582855,0.8904833793640137
